0	1	2	3	4	5	6	7	8	9	10	11
X	x	Z	Z	0	X	x	0	z	Z	0	0
x	0	X	x	0	X	x	0	z	X	x	y
X	x	Z	Z	0	X	x	0	z	Y	0	y
y	0	Z	Z	0	X	x	0	z	z	z	Y
Z	0	Z	Z	0	X	x	0	z	0	z	0
x	Z	Z	Z	0	X	x	0	z	z	z	0
y	z	Z	Z	0	X	x	X	x	Z	0	0
0	X	x	Z	0	X	x	0	z	Z	0	0
z	z	Z	Z	0	X	x	0	z	z	z	z
0	0	Z	Z	0	X	x	0	z	z	0	z
Z	Z	Z	Z	0	X	x	0	z	z	Z	Y
0	0	z	Z	0	X	x	0	z	Z	0	0
X	x	Z	Z	0	X	x	0	z	0	Z	0
0	0	Z	Z	0	X	x	0	z	z	Z	0
Y	X	x	Z	0	X	x	0	z	z	0	0
Z	0	Z	Z	0	X	x	0	z	z	z	0
0	y	Z	Z	0	X	x	0	z	0	z	z
0	X	x	Z	0	X	x	0	z	Y	X	x
y	z	Z	Z	0	X	x	0	z	z	z	Y
z	Z	Z	Z	0	X	x	0	z	0	0	z
X	x	y	Z	0	X	x	0	z	Y	X	x
0	Z	Z	Z	0	X	x	0	z	Z	0	X
x	Z	Z	Z	0	X	x	0	0	Z	Z	Y
0	0	z	Z	0	X	x	0	z	z	0	Z
X	x	0	Z	0	X	x	0	z	z	0	z
0	z	Z	Z	0	X	x	0	z	z	Y	0
Z	Z	Z	Z	0	X	x	0	z	z	z	0
0	Z	Z	Z	0	Z	0	0	z	Z	0	X
z	z	Z	Z	0	X	x	0	z	z	0	z
0	0	Z	Z	0	X	x	0	z	Z	0	X
X	x	Y	X	x	X	x	0	z	Y	X	x
X	x	Z	Z	0	X	x	0	z	0	0	0
Z	Z	Z	Y	0	y	z	0	z	Z	0	Z
y	0	Z	Z	0	X	x	0	z	0	z	Z
0	Z	Z	Y	0	y	z	0	z	Z	Z	Z
X	x	Z	0	0	X	x	0	z	Y	X	x
0	0	Z	Z	0	X	x	0	z	z	z	Y
x	y	Z	Z	0	X	x	0	z	X	x	Z
z	z	Z	Z	0	0	z	0	z	Z	0	Y
0	Z	Z	Z	0	X	x	0	z	Z	0	Z
x	Z	Z	Z	0	X	x	0	z	z	Z	Y
X	x	Z	Z	0	Z	Y	0	y	Z	Z	0
X	x	Z	Z	0	X	x	0	z	z	Y	0
0	y	Z	Z	0	X	x	0	z	X	x	X
0	0	Z	Z	0	X	x	0	z	X	x	0
y	Z	Z	Z	0	X	x	0	z	0	z	z
0	y	Z	0	0	X	x	0	z	Z	Y	X
X	x	Z	Z	0	X	x	0	z	0	Y	X
x	y	Z	Z	0	X	x	0	z	z	z	Z
0	Z	Z	Z	0	Z	0	0	z	X	x	Z
y	Z	Z	Z	0	X	x	0	z	Z	0	Z
X	x	Z	Z	0	Z	Y	0	y	Y	0	y
x	y	z	Z	0	X	x	0	z	Z	0	Z
0	0	Z	Z	0	X	x	0	z	z	Y	0
0	y	Z	Z	0	X	x	0	z	z	0	z
0	z	0	Z	0	X	x	0	z	z	X	x
0	0	Z	Z	0	X	x	0	z	0	0	0
0	y	Z	Z	0	X	x	0	z	z	z	0
0	Z	Z	Z	0	0	z	0	z	Y	0	y
Z	0	Z	Z	0	X	x	0	z	Z	0	Z
Z	0	Z	Z	0	X	x	0	z	Z	Z	Y
Z	0	Z	Z	0	X	x	0	z	z	X	x
y	0	Z	Z	0	X	x	0	z	z	Z	Y
0	Z	0	Z	0	X	x	0	z	Z	0	Z
0	Z	Z	Z	0	Z	Y	0	y	Z	Y	0
Z	0	Z	Z	0	0	z	0	z	Y	X	x
Z	0	Z	Z	0	X	x	0	z	0	Z	Z
0	0	z	Z	0	X	x	0	z	z	0	0
X	x	Z	Z	0	X	x	0	Z	Z	Y	0
Z	0	Z	Z	0	X	x	X	x	X	x	0
0	Z	Z	Z	0	X	x	0	z	0	0	0
0	z	Z	Z	0	X	x	0	z	0	Z	Z
0	y	Z	Z	0	X	x	0	z	0	0	z
z	0	Z	Z	0	X	x	0	z	z	z	z
x	y	Z	Z	0	X	x	y	z	Z	Z	Y
Z	0	Z	Z	0	Z	Y	0	y	Z	0	Z
z	Z	Z	Z	0	X	x	0	z	Z	0	0
X	x	Z	Z	0	X	x	X	x	Z	Z	Z
z	z	Z	Z	0	X	x	0	z	z	Z	Z
z	z	Z	Z	0	X	x	0	z	Y	0	y
x	X	x	Z	0	X	x	0	z	Z	0	0
y	0	Y	X	x	X	x	0	z	Y	0	y
0	y	Z	Z	0	X	x	0	z	Z	0	0
Z	0	Z	Z	0	X	x	0	z	Z	0	Z
X	x	Z	Z	0	X	x	0	z	z	z	z
y	X	x	Z	0	X	x	0	z	0	Y	X
0	Z	Z	0	0	X	x	0	z	Y	0	y
x	Z	Z	Z	0	X	x	0	z	X	x	y
Y	0	y	Z	0	X	x	0	z	z	Z	0
Y	0	y	0	0	X	x	0	z	z	z	Z
Y	0	y	Z	0	X	x	0	z	z	Z	Y
x	X	x	Z	0	X	x	X	x	y	X	x
x	X	x	Z	0	X	x	0	z	z	z	z
y	0	Z	Z	0	X	x	0	z	z	z	Y
z	Z	0	Z	0	X	x	0	z	z	Y	0
y	0	z	Z	0	X	x	0	z	z	0	0
z	0	z	Z	0	X	x	0	z	0	0	z
x	Z	Z	Z	0	X	x	0	z	z	z	0
0	X	x	Z	0	X	x	0	z	Z	0	0
z	z	Z	Z	0	X	x	0	z	z	z	z
0	0	Z	Z	0	X	x	0	z	z	0	z
Z	Z	Z	Z	0	X	x	0	z	z	Z	Y
0	0	z	Z	0	X	x	0	z	Z	0	0
X	x	Z	Z	0	X	x	0	z	0	Z	0
0	0	Z	Z	0	X	x	0	z	z	Z	0
Y	X	x	Z	0	X	x	0	z	z	0	0
Z	0	Z	Z	0	X	x	0	z	z	z	0
x	0	z	Z	Y	X	x	0	z	z	0	z
0	X	x	Z	0	X	x	0	z	Y	X	x
y	z	z	Z	0	X	x	0	z	z	z	0
y	z	Z	Z	0	X	x	0	z	z	z	Y
0	z	z	Z	0	X	x	0	z	0	Z	Z
X	x	y	Z	0	X	x	0	z	Y	X	x
y	0	z	Z	0	X	x	0	z	z	0	0
Y	0	y	Z	0	X	x	0	z	z	Z	Y
0	0	z	Z	0	X	x	0	z	z	0	Z
Y	0	y	Y	0	y	z	0	z	z	X	x
Y	X	x	Z	0	X	x	0	z	z	z	z
X	x	0	Z	0	X	x	0	z	z	0	z
0	z	Z	Z	0	X	x	0	z	z	Y	0
Z	Z	Z	Z	0	X	x	0	z	z	z	0
z	z	Z	Z	0	X	x	0	z	z	0	z
Y	0	y	0	0	X	x	0	z	z	Z	Y
0	z	0	Z	0	X	x	0	z	z	0	0
z	0	z	Z	0	Z	0	0	z	z	X	x
z	X	x	Z	0	0	z	0	z	z	Y	0
0	y	z	Z	Y	X	x	0	z	z	0	0
0	z	0	Z	0	X	x	0	z	z	Z	0
0	0	Z	Z	0	X	x	0	z	z	z	Y
Y	0	y	0	0	X	x	0	z	z	z	z
0	0	z	Z	0	X	x	X	x	y	0	0
0	X	x	Z	0	X	x	X	x	y	X	x
Y	0	y	Z	0	X	x	0	z	z	z	0
x	Z	Z	Z	0	X	x	0	z	z	Z	Y
X	x	Z	Z	0	X	x	0	z	z	Y	0
x	X	x	Y	0	y	z	0	z	z	Y	0
0	y	0	Z	0	X	x	0	z	z	0	0
0	0	z	Z	0	X	x	0	z	0	0	0
z	0	z	Z	0	X	x	X	x	y	X	x
0	0	z	Z	0	Z	0	0	z	z	0	0
0	0	z	Z	0	X	x	0	z	0	0	Z
X	x	Z	Z	0	X	x	0	z	0	Y	X
x	y	Z	Z	0	X	x	0	z	z	z	Z
0	0	z	Z	0	X	x	0	z	z	Z	0
x	y	z	Z	0	X	x	0	z	Z	0	Z
x	0	z	Z	0	Z	0	0	z	z	z	0
0	0	Z	Z	0	X	x	0	z	z	Y	0
0	y	Z	Z	0	X	x	0	z	z	0	z
Y	0	y	z	0	X	x	0	z	z	X	x
0	z	0	Z	0	X	x	0	z	z	X	x
y	X	x	Z	0	X	x	0	z	z	Z	Y
x	X	x	Z	0	Z	Y	0	y	z	Y	X
0	y	Z	Z	0	X	x	0	z	z	z	0
y	0	z	Z	0	X	x	0	z	z	z	z
Y	0	y	Z	0	X	x	0	z	z	0	0
z	z	z	Z	0	X	x	0	z	z	X	x
X	x	y	Z	0	Z	0	0	z	z	z	z
X	x	y	X	x	X	x	0	z	z	X	x
Z	0	Z	Z	0	X	x	0	z	z	X	x
y	0	Z	Z	0	X	x	0	z	z	Z	Y
Y	0	y	Z	0	X	x	0	z	z	z	Z
0	0	z	Z	0	X	x	0	z	z	0	Y
0	0	z	Z	0	X	x	0	z	z	0	0
0	Z	Z	Z	0	X	x	0	z	0	0	0
z	0	Z	Z	0	X	x	0	z	z	z	z
0	0	z	Z	0	Z	0	0	z	z	z	0
0	0	z	Z	0	X	x	0	z	z	0	Z
0	y	0	Z	0	X	x	0	z	z	Y	0
Y	X	x	Z	0	X	x	y	z	z	z	Z
x	y	z	Z	0	Z	0	0	z	z	Z	0
z	z	Z	Z	0	X	x	0	z	z	Z	Z
y	0	z	X	x	X	x	0	z	z	X	x
y	0	z	Z	Y	X	x	0	z	z	Z	0
x	X	x	Z	0	X	x	0	z	Z	0	0
y	X	x	Z	0	X	x	X	x	y	0	0
X	x	Z	Z	0	X	x	0	z	z	z	z
y	X	x	Z	0	X	x	0	z	0	Y	X
z	X	x	Z	0	0	z	0	z	z	0	0
0	Z	Z	Z	0	X	x	0	z	X	x	y
0	0	0	Z	0	X	x	0	z	Y	X	x
x	0	Z	Z	0	X	x	0	z	0	Z	0
x	Z	0	Z	0	X	x	0	z	Z	Y	X
0	0	Z	Z	0	X	x	0	z	Z	Y	X
0	Z	Z	Z	0	X	x	0	z	z	0	z
0	0	0	Z	0	X	x	0	z	z	0	0
0	0	z	Z	0	X	x	0	z	z	X	x
X	x	Z	Z	0	X	x	0	z	0	z	z
0	z	Z	Z	0	X	x	0	z	z	0	Y
0	Z	Z	Z	0	X	x	0	z	X	x	Y
x	0	X	x	0	X	x	0	z	0	X	x
Z	0	Z	Z	0	X	x	0	z	0	0	Z
Y	X	x	Z	0	X	x	0	z	z	0	0
Z	0	Z	Z	0	X	x	X	x	Z	Z	0
z	Z	0	Z	0	X	x	0	z	X	x	Z
y	Z	Z	Z	0	0	z	0	z	Z	0	Y
0	y	Z	Z	0	X	x	0	z	z	Y	X
0	z	Z	Z	0	X	x	0	z	z	Z	0
0	y	Z	Z	0	X	x	0	z	z	X	x
0	X	x	Z	0	X	x	0	z	0	Z	0
0	Z	Z	Z	0	X	x	0	z	0	0	0
Z	0	Z	Z	0	0	z	0	z	X	x	0
x	0	z	Z	0	X	x	0	z	Y	X	x
x	Z	Z	Z	0	X	x	0	z	z	z	0
X	x	Z	Z	0	Z	Y	0	y	X	x	X
X	x	0	Z	0	X	x	0	z	z	0	0
Z	0	Z	Z	Y	X	x	0	z	Y	X	x
x	0	Z	Z	0	X	x	0	z	0	0	0
0	0	Z	Z	0	X	x	0	z	X	x	Z
X	x	y	Z	0	X	x	0	z	0	Y	X
x	0	z	Z	0	X	x	0	z	X	x	0
y	Z	Z	Z	0	X	x	0	z	Z	0	Z
Z	Z	Z	Z	0	X	x	y	z	Z	Z	Z
x	y	z	Z	0	X	x	0	z	X	x	0
0	0	Z	Z	0	X	x	0	z	0	z	z
Z	Z	Z	Z	0	X	x	0	z	z	0	Y
0	z	Z	Z	0	0	z	0	z	Z	0	Z
y	X	x	Z	0	X	x	0	z	X	x	y
0	z	Z	Z	0	X	x	0	z	X	x	Z
y	0	0	Z	0	X	x	0	z	Z	0	X
Z	0	Z	Z	0	0	z	0	z	Z	Y	0
x	Z	Z	Z	0	X	x	0	z	z	0	z
X	x	Z	Z	0	X	x	y	z	Z	Z	0
z	0	Z	Z	0	X	x	0	z	z	z	0
x	y	Z	Z	0	X	x	0	z	0	Y	X
x	0	Z	Z	0	Z	Y	0	y	Z	0	X
x	Z	Z	Z	0	X	x	X	x	Y	0	y
Z	Z	Z	Z	0	X	x	0	z	Z	0	0
0	0	0	Z	0	X	x	0	z	z	z	z
0	Z	0	Z	0	X	x	0	z	Y	0	y
0	Z	0	Z	0	X	x	0	z	0	0	Z
z	z	Z	Z	0	X	x	0	z	z	X	x
0	Z	Z	Z	0	X	x	0	z	X	x	0
0	X	x	Z	0	X	x	0	z	z	0	Z
0	0	z	Z	0	X	x	0	z	Z	0	X
x	y	Z	Z	0	X	x	0	z	z	z	z
Z	0	Z	Z	0	X	x	0	z	Z	Y	X
Z	0	Z	Z	0	X	x	0	z	Y	X	x
y	z	Z	Z	0	X	x	0	z	Z	0	Z
0	0	z	Z	0	X	x	0	z	z	0	0
x	0	Z	Z	0	X	x	0	z	Z	0	Y
z	Z	Z	Z	0	X	x	0	z	X	x	Y
Z	0	Z	Z	0	X	x	0	z	Z	Z	0
y	z	Z	Z	0	X	x	0	z	z	Z	0
0	Z	Z	Z	0	X	x	0	z	X	x	y
Y	0	y	Y	0	y	z	0	z	z	X	x
0	0	z	Z	0	X	x	0	z	z	Z	Y
0	Z	Z	Z	0	X	x	0	z	z	0	z
0	z	z	Z	0	X	x	0	z	z	0	z
0	0	0	Z	0	X	x	0	z	z	0	0
0	0	z	Z	0	X	x	0	z	z	X	x
z	X	x	Z	0	Z	0	0	z	z	Z	0
0	z	Z	Z	0	X	x	0	z	z	0	Y
Z	Z	0	Z	0	X	x	0	z	z	0	0
x	0	0	Z	0	X	x	0	z	z	Y	0
0	0	z	Z	0	X	x	0	z	z	0	0
0	Z	0	Z	0	X	x	0	z	z	0	0
X	x	y	X	x	X	x	0	z	z	Z	0
Y	X	x	Z	0	Z	0	0	z	z	0	0
Y	X	x	Z	0	X	x	0	z	z	0	0
0	z	z	Z	0	X	x	0	z	0	0	z
Y	0	y	Z	0	X	x	0	z	z	0	z
z	0	z	Z	0	X	x	0	z	z	z	0
Y	0	y	Z	0	X	x	0	z	z	0	0
0	y	Z	Z	0	X	x	0	z	z	Y	X
X	x	y	Z	0	X	x	X	x	y	0	Z
0	z	Z	Z	0	X	x	0	z	z	Z	0
y	X	x	Z	0	X	x	0	z	0	0	0
0	z	0	Z	0	X	x	0	z	z	Y	0
0	y	Z	Z	0	X	x	0	z	z	X	x
0	X	x	Z	0	X	x	0	z	0	Z	0
0	Z	Z	Z	0	X	x	0	z	0	0	0
0	y	0	Z	0	X	x	0	z	z	0	Z
Y	X	x	Z	0	X	x	0	z	0	z	X
x	0	z	Z	0	X	x	0	z	Y	X	x
Z	Z	0	Z	0	X	x	0	z	z	0	Z
x	Z	Z	Z	0	X	x	0	z	z	z	0
z	0	z	Z	0	X	x	0	z	z	0	z
X	x	0	Z	0	X	x	0	z	z	0	0
Y	X	x	Z	0	0	z	0	z	z	0	0
Y	0	y	Y	0	y	z	0	z	z	z	z
0	0	Z	Z	0	X	x	0	z	X	x	Z
0	0	0	Z	0	X	x	0	z	z	0	z
X	x	y	Z	0	X	x	0	z	0	Y	X
y	0	z	Z	0	X	x	X	x	y	X	x
x	X	x	Z	0	Z	0	0	z	z	Y	X
x	0	z	Z	0	X	x	0	z	X	x	0
Y	X	x	y	0	X	x	0	z	z	Z	Z
x	y	z	Z	0	X	x	0	z	X	x	0
Y	0	y	Y	0	y	z	0	z	z	0	z
z	0	z	Y	0	y	z	0	z	z	Z	Z
Z	Z	Z	Z	0	X	x	0	z	z	0	Y
y	X	x	Z	0	X	x	0	z	X	x	y
x	y	0	Z	0	X	x	0	z	z	Z	Y
x	y	z	Z	0	X	x	0	z	0	Y	0
0	0	0	Z	0	X	x	0	z	z	z	Z
x	Z	Z	Z	0	X	x	0	z	z	0	z
z	0	Z	Z	0	X	x	0	z	z	z	0
0	0	z	X	x	X	x	0	z	z	0	z
z	0	z	Z	0	Z	Y	0	y	z	z	0
X	x	y	Z	0	X	x	0	z	z	z	Z
Y	0	y	Z	0	X	x	X	x	y	0	z
x	Z	0	Z	0	X	x	0	z	z	0	0
0	0	0	Z	0	X	x	0	z	z	z	z
0	z	z	Z	0	X	x	0	z	z	X	x
0	0	z	Z	0	X	x	0	z	z	z	Y
z	X	x	X	x	X	x	0	z	z	Z	0
0	Z	0	Z	0	X	x	0	z	0	0	Z
0	0	z	Z	0	X	x	0	z	z	0	0
z	z	Z	Z	0	X	x	0	z	z	X	x
y	X	x	Z	0	X	x	0	z	z	0	z
0	X	x	Z	0	X	x	0	z	z	0	Z
0	0	z	Z	0	X	x	0	z	Z	0	X
x	y	Z	Z	0	X	x	0	z	z	z	z
0	z	z	Z	0	X	x	X	x	y	Y	0
z	0	z	Z	0	X	x	0	z	z	0	Z
0	z	z	Z	0	X	x	0	z	z	Y	X
0	0	z	Z	0	X	x	0	z	z	0	0
0	0	z	Z	0	X	x	0	z	z	0	0
0	y	z	Z	0	X	x	0	z	z	0	Z
y	z	z	Z	0	X	x	0	z	z	0	X
y	z	Z	Z	0	X	x	0	z	z	Z	0
Z	0	Z	Z	0	Z	Y	0	y	Z	Y	0
z	Z	Z	Z	0	X	x	0	z	0	z	0
0	y	z	Z	0	X	x	0	z	Z	Z	0
0	X	x	Z	0	X	x	0	z	X	x	0
X	x	Z	Z	0	X	x	y	z	Y	0	y
0	Z	Z	Z	0	X	x	X	x	Y	X	x
0	Z	Z	Z	0	X	x	0	z	Y	0	y
y	Z	Z	Z	0	X	x	0	z	Z	0	X
x	X	x	Z	0	X	x	0	z	Z	0	Z
z	z	z	Z	0	X	x	0	z	Z	0	0
Y	X	x	Z	0	X	x	0	z	X	x	Z
y	z	Z	Z	0	X	x	0	z	z	z	Y
X	x	Z	0	0	X	x	0	z	Z	0	Y
x	y	Z	Z	0	X	x	0	z	z	0	z
0	Z	0	Z	0	X	x	0	z	z	X	x
z	0	Z	Z	0	X	x	y	z	X	x	y
0	0	z	Z	0	X	x	0	z	Y	0	y
X	x	0	Z	0	X	x	0	z	z	0	Z
0	0	0	Z	0	X	x	0	z	z	0	Z
0	y	0	Z	0	X	x	0	z	Z	0	Z
0	z	Z	Z	0	X	x	0	z	0	0	z
0	z	Z	Z	0	X	x	0	z	z	0	z
Z	0	0	Z	0	X	x	0	z	z	0	0
x	Z	Z	Z	0	X	x	0	z	Y	0	y
z	z	0	Z	0	X	x	0	z	0	X	x
0	y	Z	Z	0	X	x	0	z	z	Z	Z
X	x	Z	Z	0	X	x	X	x	Z	0	Z
z	z	0	Z	0	X	x	0	z	0	0	Z
Z	0	Z	Z	0	X	x	0	z	z	0	z
0	y	Z	Y	0	y	z	0	z	Z	0	X
y	0	0	Z	0	X	x	0	z	z	0	z
X	x	Z	Z	0	X	x	0	z	z	0	X
0	Z	0	Z	0	X	x	0	z	Z	0	0
y	z	Z	Z	0	X	x	0	z	Y	X	x
x	y	Z	Z	0	X	x	0	z	0	X	x
0	0	0	Z	0	X	x	0	z	Z	0	0
X	x	Y	X	x	X	x	0	z	X	x	Z
0	z	Z	Z	0	X	x	0	z	0	z	Y
z	0	Z	Z	0	X	x	0	z	Z	Z	0
0	X	x	Z	0	X	x	0	z	z	0	z
0	z	Z	Z	0	X	x	0	z	z	0	0
Z	Z	Z	Z	0	X	x	0	z	Y	0	y
x	y	z	Z	0	X	x	0	z	X	x	X
X	x	Z	Z	0	X	x	0	z	z	0	0
Z	Y	X	x	0	X	x	0	z	Z	0	0
0	0	Z	Z	0	X	x	0	z	0	0	0
0	Z	Z	Z	0	0	z	0	z	Z	0	X
0	Z	Z	Z	0	X	x	y	z	Y	X	x
0	X	x	Z	0	X	x	0	z	X	x	Z
0	y	z	Z	0	X	x	0	z	Z	0	Y
y	0	Z	Z	0	X	x	0	z	X	x	0
0	z	Z	Y	0	y	z	0	z	X	x	y
x	0	Z	Z	0	X	x	0	z	z	Y	0
0	y	Z	Z	0	X	x	0	z	0	0	Z
z	z	0	Z	0	X	x	0	z	z	Y	0
X	x	y	Z	Y	X	x	0	z	z	z	Z
0	Z	0	Z	0	X	x	0	z	z	z	Z
x	0	z	X	x	X	x	0	z	z	z	z
0	0	0	Z	0	X	x	0	z	z	z	z
Y	X	x	Z	0	Z	Y	0	y	z	Z	0
0	X	x	Z	0	X	x	0	z	z	0	z
0	y	z	Z	0	X	x	0	z	Z	Z	0
0	X	x	Z	0	X	x	0	z	X	x	0
z	0	z	Z	0	X	x	0	z	z	Z	0
X	x	y	X	x	X	x	0	z	z	0	Z
x	X	x	Z	0	X	x	0	z	Z	0	Z
X	x	y	Z	0	X	x	0	z	z	z	z
z	z	z	Z	0	X	x	0	z	Z	0	0
0	z	z	Z	0	X	x	0	z	z	0	Y
Y	X	x	Z	0	X	x	0	z	X	x	Z
Y	0	y	Z	0	X	x	0	z	z	z	Y
Y	X	x	Z	0	0	z	0	z	z	Y	0
0	Z	0	Z	0	X	x	0	z	z	z	0
0	X	x	Y	0	y	z	0	z	z	X	x
y	z	Z	Z	0	X	x	0	z	z	z	Y
0	y	0	Z	0	X	x	0	z	z	Y	0
0	z	z	Z	0	X	x	0	z	z	Y	X
0	0	z	0	0	X	x	0	z	z	0	z
Y	0	y	Z	0	Z	0	0	z	z	Y	0
0	Z	0	Z	0	X	x	0	z	z	Y	0
x	y	Z	Z	0	X	x	0	z	z	0	z
0	Z	0	Z	0	X	x	0	z	z	X	x
0	0	z	Z	0	X	x	X	x	y	Z	Z
0	0	z	Z	0	X	x	0	z	Y	0	y
X	x	0	Z	0	X	x	0	z	z	0	Z
0	0	0	Z	0	X	x	0	z	z	0	Z
z	X	x	Z	0	X	x	0	z	z	Y	X
Y	X	x	Y	0	y	z	0	z	z	0	z
X	x	y	Z	0	Z	0	0	z	z	0	Z
Z	0	0	Z	0	X	x	0	z	z	Y	X
0	z	Z	Z	0	X	x	0	z	z	0	z
Z	0	0	Z	0	X	x	0	z	z	0	0
0	Z	0	Z	0	X	x	0	z	z	0	z
z	z	0	Z	0	X	x	0	z	0	X	x
0	y	Z	Z	0	X	x	0	z	z	Z	Z
0	0	z	Z	0	X	x	0	z	0	0	0
z	z	0	Z	0	X	x	0	z	0	0	Z
Z	0	Z	Z	0	X	x	0	z	z	0	z
z	0	z	Z	0	X	x	0	z	0	Z	0
X	x	y	Y	0	y	z	0	z	z	0	0
y	0	0	Z	0	X	x	0	z	z	0	z
X	x	Z	Z	0	X	x	0	z	z	0	X
0	y	z	Z	0	0	z	0	z	z	z	Y
0	0	z	Z	0	X	x	0	z	z	z	0
0	z	z	Y	0	y	z	0	z	z	0	z
0	0	z	Z	0	Z	0	0	z	z	Z	0
z	0	z	Z	0	X	x	0	z	z	Z	0
x	y	Z	Z	0	X	x	0	z	0	X	x
z	X	x	Z	0	X	x	y	z	z	Y	0
0	y	z	Y	0	y	z	0	z	z	0	z
0	z	z	Y	0	y	z	0	z	z	X	x
0	X	x	Z	0	X	x	0	z	z	0	z
0	z	Z	Z	0	X	x	0	z	z	0	0
x	y	z	Z	0	0	z	0	z	z	z	z
x	y	z	Z	0	X	x	0	z	X	x	X
z	0	z	Z	0	X	x	0	z	z	0	z
X	x	Z	Z	0	X	x	0	z	z	0	0
Y	0	y	Y	0	y	z	0	z	z	0	z
x	y	0	Z	0	X	x	0	z	z	z	z
0	X	x	Z	0	X	x	0	z	X	x	Z
0	y	z	Z	0	X	x	0	z	Z	0	Y
y	0	Z	Z	0	X	x	0	z	X	x	0
x	0	Z	Z	0	X	x	0	z	z	Y	0
z	X	x	X	x	X	x	0	z	z	0	z
0	y	0	Z	0	X	x	0	z	z	0	z
X	x	y	Z	0	X	x	0	z	z	Y	0
0	z	0	Z	0	X	x	0	z	Y	X	x
0	0	0	Z	0	X	x	0	z	Y	0	y
y	Z	Z	Z	0	X	x	0	z	0	Y	X
Z	0	Z	Z	0	X	x	0	z	Z	0	X
Z	0	Z	Z	0	X	x	0	z	Z	Z	Z
0	Z	0	Z	0	X	x	0	z	Z	Y	0
Z	Z	Z	Z	0	X	x	0	z	Z	0	Y
z	z	Y	X	x	X	x	0	z	X	x	Z
Z	0	Z	Z	0	X	x	0	z	z	0	z
y	0	0	Z	0	X	x	0	z	z	0	X
X	x	Z	0	0	X	x	0	z	0	X	x
x	y	Z	Z	0	X	x	0	z	X	x	0
Z	0	Z	Z	0	X	x	0	z	z	z	0
z	X	x	Z	0	X	x	0	z	0	0	Z
Z	Z	Z	Z	0	X	x	0	z	0	z	z
Z	0	Z	Z	0	X	x	0	z	0	Z	0
Z	0	Z	Z	0	X	x	0	0	Y	X	x
0	Z	Z	Z	0	X	x	0	z	0	z	Z
0	Z	Z	Z	0	Z	0	0	z	Z	0	0
x	0	0	Z	0	X	x	0	z	Z	Y	0
0	Z	Z	Z	0	X	x	0	z	Y	0	y
0	z	Z	Z	0	X	x	X	x	Z	Z	0
z	0	Z	Z	0	X	x	0	z	Y	0	y
0	y	z	Z	0	X	x	0	z	0	0	Z
X	x	Z	Z	0	0	z	0	z	X	x	X
X	x	Z	Z	0	X	x	X	x	Z	0	X
0	0	Z	Z	0	X	x	0	z	0	0	Y
0	z	0	Z	0	X	x	0	z	Z	0	Z
0	0	Y	X	x	X	x	0	z	Z	Z	Z
X	x	Z	Z	0	X	x	0	z	z	z	0
0	y	Z	Z	0	X	x	0	z	z	0	z
Y	X	x	Z	0	X	x	0	z	z	X	x
0	Z	Z	Z	0	X	x	0	z	0	z	0
0	z	0	Z	0	X	x	0	z	Y	X	x
z	0	z	Z	0	X	x	0	z	z	0	Z
0	y	z	Z	0	X	x	0	z	z	Y	0
Y	X	x	Z	0	Z	0	0	z	z	z	0
x	0	z	Z	0	X	x	0	z	z	Z	0
Z	0	Z	Z	0	X	x	0	z	z	0	z
0	z	0	Z	0	X	x	0	z	z	0	z
z	0	z	Z	0	X	x	0	z	z	z	0
z	0	z	Z	0	X	x	0	z	z	Z	Y
y	0	0	Z	0	X	x	0	z	z	0	X
z	0	z	Y	0	y	z	0	z	z	Y	X
x	X	x	Z	0	X	x	X	x	y	z	0
Z	0	Z	Z	0	X	x	0	z	z	z	0
z	X	x	Z	0	X	x	0	z	0	0	Z
0	0	z	Z	0	X	x	0	z	z	0	z
x	0	z	Z	0	X	x	0	z	z	Z	Y
0	0	z	Z	0	X	x	0	z	z	0	0
z	z	z	Z	0	X	x	0	z	z	X	x
0	y	z	Z	0	X	x	0	z	0	0	Z
X	x	y	Z	0	X	x	0	z	z	z	Y
0	0	Z	Z	0	X	x	0	z	0	0	Y
X	x	Z	Z	0	X	x	0	z	z	z	0
0	y	Z	Z	0	X	x	0	z	z	0	z
Y	X	x	Z	0	X	x	0	z	z	X	x
Z	Z	Z	Z	0	X	x	0	z	0	Y	X
0	y	Z	Z	0	0	z	0	z	Z	0	Z
x	y	Z	Z	0	X	x	0	z	z	Z	Y
0	y	Z	Z	0	X	x	0	z	X	x	y
x	Z	0	Z	0	X	x	0	z	0	0	0
x	y	Z	Z	0	X	x	0	z	z	0	z
0	0	Z	Z	0	X	x	0	z	z	Z	Z
Z	0	Z	Z	0	X	x	0	z	z	z	z
X	x	Z	Z	0	X	x	X	x	Y	X	x
z	0	Z	Z	0	X	x	X	x	Z	Y	X
0	z	0	Z	0	X	x	0	z	0	0	X
x	Z	0	Z	0	X	x	0	z	Z	Z	Z
0	z	Z	Z	0	X	x	y	z	X	x	Z
X	x	y	Z	0	X	x	0	z	Z	Z	Z
Z	Z	Z	Z	0	Z	Y	0	y	Y	0	y
X	x	Z	Z	0	X	x	y	z	Z	Y	0
0	Z	Z	Z	0	X	x	0	z	X	x	y
Z	0	Z	Z	0	0	z	0	z	Z	0	Z
0	z	Z	Z	0	X	x	0	z	Z	0	0
0	Z	Z	Z	0	X	x	0	z	z	z	z
z	Z	Z	Z	0	X	x	0	z	0	0	Y
x	0	0	Z	0	X	x	0	z	X	x	X
0	0	Z	Z	0	X	x	0	0	Z	Z	0
0	y	Z	Z	0	X	x	0	z	Z	0	Z
X	x	Y	X	x	X	x	0	z	X	x	Y
0	0	Z	Z	0	X	x	0	z	0	0	Z
0	Z	Z	Z	0	0	z	0	z	Z	0	Z
0	Z	0	Z	0	X	x	0	z	Z	0	Z
Z	0	Z	Z	0	X	x	y	z	Y	X	x
0	z	Z	Z	0	X	x	0	z	z	0	0
X	x	Z	Z	0	X	x	0	z	Z	0	0
0	Z	Z	Z	0	X	x	0	z	0	z	Z
y	0	Z	Z	0	0	z	0	z	Z	0	X
Z	Z	Y	X	x	X	x	0	z	X	x	0
X	x	Y	X	x	X	x	0	z	Z	0	X
y	z	Z	Z	0	X	x	0	z	Z	0	Z
0	z	Z	Z	0	X	x	0	z	z	0	z
Y	X	x	Z	0	X	x	0	z	Z	0	X
x	0	z	Z	0	X	x	0	z	Z	0	Z
Z	0	Z	Z	0	X	x	y	z	Z	Y	X
z	z	Z	Z	0	X	x	0	z	z	Z	0
0	z	z	Z	0	X	x	0	z	z	z	X
0	y	z	Z	0	X	x	X	x	y	0	X
z	0	z	Z	0	X	x	0	z	z	z	Y
x	y	Z	Z	0	X	x	0	z	z	Z	Y
x	Z	0	Z	0	X	x	0	z	0	0	0
x	y	Z	Z	0	X	x	0	z	z	0	z
0	0	Z	Z	0	X	x	0	z	z	Z	Z
Z	0	Z	Z	0	X	x	0	z	z	z	z
0	z	0	Z	0	X	x	0	z	0	0	X
X	x	y	Z	0	X	x	0	z	Z	Z	Z
0	X	x	Z	0	X	x	X	x	y	X	x
Y	X	x	Z	Y	X	x	0	z	z	Z	Z
0	Z	Z	Z	0	X	x	0	z	z	z	z
0	z	z	Z	0	X	x	0	z	z	z	X
x	0	0	Z	0	X	x	0	z	X	x	X
Y	0	y	Z	0	X	x	0	z	z	0	X
Y	X	x	Z	0	X	x	0	X	x	0	z
y	z	0	Z	0	X	x	0	z	z	Y	0
0	y	0	Z	0	X	x	0	z	z	Z	0
y	z	z	Z	0	X	x	0	z	z	0	Z
Y	0	y	Z	0	X	x	0	z	0	z	Z
0	0	Z	Z	0	X	x	0	z	0	0	Z
Y	0	y	Z	0	Z	0	0	z	z	z	0
z	0	z	z	0	X	x	0	z	z	0	0
z	0	z	Z	0	X	x	0	z	z	0	0
0	z	Z	Z	0	X	x	0	z	z	0	0
Y	0	y	Z	0	X	x	0	0	z	Z	0
Y	X	x	Z	0	X	x	X	x	y	z	Y
0	X	x	Z	0	Z	0	0	z	z	Z	0
z	0	z	X	x	X	x	0	z	z	0	0
0	z	Z	Z	0	X	x	0	z	z	0	z
Y	X	x	Z	0	X	x	0	z	Z	0	X
x	0	z	Z	0	X	x	0	z	Z	0	Z
z	z	Z	Z	0	X	x	0	z	z	Z	0
0	z	Y	X	x	X	x	0	z	Z	0	Z
0	0	0	Z	0	X	x	0	z	Z	Z	0
0	y	Z	Z	0	0	z	0	z	Z	0	0
0	Z	Z	Z	0	X	x	0	z	Z	0	Z
z	z	Z	Z	0	X	x	0	z	z	0	z
0	X	x	Z	0	X	x	0	z	z	0	z
0	z	z	Z	0	X	x	0	z	X	x	Y
y	z	Z	Z	0	X	x	0	z	z	0	0
x	Z	0	Z	0	X	x	0	z	X	x	X
X	x	Z	Z	0	X	x	0	z	X	x	Y
0	0	Z	Z	0	X	x	0	z	Y	0	y
y	0	Z	Z	0	X	x	0	z	z	0	0
0	X	x	Z	0	X	x	0	z	X	x	Y
x	Z	Z	Z	0	X	x	X	x	X	x	0
x	Z	Z	Z	0	X	x	0	z	0	0	Z
0	0	0	Z	0	X	x	0	z	z	0	Z
0	0	Z	Z	0	0	z	0	z	Z	0	X
0	y	Z	Z	0	X	x	0	z	0	0	0
z	z	Z	Z	0	X	x	X	x	Z	Z	0
X	x	Z	Z	0	X	x	0	z	Z	0	X
0	z	Z	Z	0	X	x	X	x	X	x	y
X	x	0	Z	0	X	x	0	z	0	X	x
0	Z	Y	X	x	X	x	0	z	X	x	y
0	z	0	Z	0	X	x	0	z	Z	0	X
Z	0	Z	Z	0	X	x	0	z	Z	0	0
Y	0	y	Z	0	X	x	0	z	X	x	X
X	x	Z	Z	0	X	x	X	x	Y	X	x
z	z	Z	Z	0	X	x	0	z	0	z	z
X	x	Z	Z	0	X	x	0	z	0	Y	0
0	y	Y	X	x	X	x	0	z	X	x	X
0	0	0	Z	0	X	x	0	z	Z	0	Y
z	X	x	Z	0	X	x	0	z	0	Z	Z
0	0	Z	Z	0	X	x	0	z	Z	Y	0
X	x	y	Z	0	X	x	0	z	0	Z	Z
0	0	0	Z	0	X	x	0	z	0	Z	Z
0	Z	Z	Y	0	y	z	0	z	X	x	0
Z	Z	Z	Z	0	0	z	0	z	Z	Z	0
Z	Z	Z	Z	0	X	x	0	z	z	0	Y
Z	Z	Z	Z	0	X	x	X	x	Z	Y	X
0	Z	Z	Z	0	X	x	0	z	X	x	Y
y	z	0	Z	0	X	x	0	z	z	0	0
Y	X	x	Z	0	X	x	0	z	z	X	x
Z	0	Z	Z	0	X	x	0	z	z	0	0
0	0	Z	Z	0	X	x	0	z	z	Z	Y
x	y	Y	X	x	X	x	0	z	Z	0	Y
0	y	0	Z	0	X	x	0	z	Z	0	0
z	z	z	Z	0	X	x	0	z	Z	0	0
x	0	Z	Z	0	X	x	0	z	Y	X	x
z	0	Z	Z	0	X	x	0	z	0	z	Z
0	z	z	Z	0	X	x	0	z	X	x	0
Z	0	Z	Z	0	Z	Y	0	y	Y	X	x
Z	0	Z	Z	0	X	x	0	z	X	x	Y
y	z	Z	Z	0	X	x	0	z	0	Y	0
y	0	Z	Z	0	X	x	0	z	0	z	Y
x	X	x	Z	0	X	x	0	z	0	0	Z
z	Z	Z	Z	0	X	x	0	z	Z	0	Z
0	Z	Z	Z	0	X	x	0	z	z	z	X
z	z	Z	Z	0	X	x	0	z	z	0	z
X	x	y	z	0	X	x	0	z	z	z	z
0	z	0	Z	0	X	x	0	z	z	Y	X
0	X	x	Z	0	X	x	0	z	z	0	z
0	z	z	Z	0	X	x	0	z	X	x	Y
z	Z	0	Z	0	X	x	0	z	z	0	Y
y	z	Z	Z	0	X	x	0	z	z	0	0
X	x	Z	Z	0	X	x	0	z	X	x	Y
z	z	0	Z	0	X	x	0	z	z	0	0
y	0	Z	Z	0	X	x	0	z	z	0	0
0	X	x	Z	0	X	x	0	z	X	x	Y
0	y	0	Z	0	X	x	0	z	z	0	z
0	y	z	Z	0	X	x	0	z	z	X	x
Y	X	x	X	x	X	x	0	z	z	z	z
0	0	0	Z	0	X	x	0	z	z	0	Z
y	0	z	Z	0	X	x	0	z	0	Z	0
Y	0	y	Z	0	Z	0	0	z	z	Z	Z
0	y	z	Y	0	y	z	0	z	z	0	z
z	0	z	Z	0	Z	0	0	z	z	Z	0
X	x	0	Z	0	X	x	0	z	0	X	x
0	y	0	Z	0	X	x	0	z	z	z	Y
z	0	z	Z	0	X	x	X	x	y	z	z
z	0	z	Z	0	X	x	0	z	z	0	0
z	0	z	Z	0	X	x	0	z	0	Y	0
0	z	z	Z	0	X	x	0	z	0	z	Y
Y	0	y	Z	0	X	x	0	z	X	x	X
Y	0	y	X	x	X	x	0	z	z	0	Z
Y	0	y	Z	0	X	x	0	z	z	X	x
Z	Z	0	Z	0	X	x	0	z	z	Z	Z
0	Z	0	Z	0	X	x	0	z	z	0	z
X	x	Z	Z	0	X	x	0	z	0	Y	0
Z	Z	0	Z	0	X	x	0	z	z	Z	0
z	X	x	Z	0	X	x	0	z	0	Z	Z
X	x	y	Z	0	X	x	0	z	0	Z	Z
Y	X	x	0	0	X	x	0	z	z	Z	0
0	0	0	Z	0	X	x	0	z	0	Z	Z
Z	Z	0	Z	0	X	x	0	z	z	z	0
x	y	z	Z	0	0	z	0	z	z	Y	X
Z	Z	Z	Z	0	X	x	0	z	z	0	Y
0	Z	Z	Z	0	X	x	0	z	X	x	Y
y	z	0	Z	0	X	x	0	z	z	0	0
Y	X	x	Z	0	X	x	0	z	z	X	x
Z	0	Z	Z	0	X	x	0	z	z	0	0
0	0	Z	Z	0	X	x	0	z	z	Z	Y
0	y	0	Z	0	X	x	0	z	Z	0	0
z	z	z	Z	0	X	x	0	z	Z	0	0
x	0	Z	Z	0	X	x	0	z	Y	X	x
0	z	z	X	x	X	x	0	z	z	0	0
x	0	z	Z	0	X	x	0	z	z	Y	X
0	0	z	Z	0	X	x	X	x	y	0	0
Y	0	y	Z	0	X	x	0	z	0	z	z
0	z	z	Z	0	X	x	0	z	X	x	0
x	X	x	Z	0	X	x	0	z	0	0	Z
Y	X	x	Z	0	X	x	0	z	z	Y	0
Y	X	x	Y	0	y	z	0	z	z	Z	Z
z	0	z	Z	0	Z	0	0	z	z	Z	0
z	X	x	Z	0	Z	0	0	z	z	Z	0
0	0	z	Z	0	X	x	X	x	y	Z	Y
0	Z	Z	Z	0	X	x	0	z	z	z	X
z	0	0	Z	0	X	x	0	z	z	Y	0
x	0	Z	Z	0	X	x	0	z	0	0	Z
y	z	Z	Z	0	X	x	0	z	0	z	Y
Z	0	Z	Z	0	X	x	0	z	z	Z	Z
z	Z	Z	Z	0	X	x	0	z	X	x	Z
0	y	Z	Z	0	X	x	0	z	Z	0	Z
y	z	0	Z	0	X	x	0	z	Y	X	x
z	z	Z	Z	0	X	x	0	z	0	0	z
z	z	Z	Z	0	X	x	0	z	0	0	z
X	x	Z	Z	0	Z	Y	0	y	Y	X	x
y	0	0	Z	0	X	x	0	z	X	x	y
Y	0	y	Z	0	X	x	0	z	Y	0	y
x	0	Z	Z	0	X	x	0	z	z	0	Z
X	x	Z	Z	0	X	x	0	z	z	0	z
z	X	x	Z	0	X	x	0	z	z	0	Y
0	Z	Z	Z	0	Z	Y	0	y	Z	0	0
X	x	Z	Z	0	X	x	X	x	X	x	Z
0	0	Z	Z	0	X	x	0	z	z	Z	Z
x	0	Z	Z	0	X	x	0	z	z	Z	0
0	0	Z	Z	Y	X	x	0	z	X	x	Z
0	z	Z	Z	0	X	x	0	z	0	0	Z
0	0	z	Z	0	X	x	0	z	Y	X	x
y	z	Z	Z	0	X	x	0	z	X	x	y
0	0	Z	Z	0	X	x	X	x	Y	X	x
Z	Z	Z	Z	0	X	x	0	z	Z	Z	Z
X	x	0	Z	0	X	x	0	z	z	0	0
0	X	x	Z	0	X	x	0	z	Z	0	X
X	x	X	x	0	X	x	0	z	X	x	Z
0	0	Z	Z	0	X	x	0	0	Z	Y	0
Z	0	Y	X	x	X	x	0	z	Y	X	x
Z	Z	Z	Z	0	X	x	0	z	Y	0	y
Z	0	Z	Z	0	X	x	0	z	z	z	Y
0	z	Z	Z	0	0	z	0	z	Y	0	y
x	y	0	Z	0	X	x	0	z	0	0	Z
y	z	Z	Z	0	X	x	0	z	Z	0	X
Z	Z	Z	Z	0	X	x	0	z	0	Y	X
Y	0	y	Z	0	X	x	0	z	Y	0	y
x	0	0	Z	0	X	x	0	z	0	0	z
y	Z	Z	Z	0	X	x	0	Z	Y	0	y
0	y	Z	Z	0	X	x	0	z	Y	0	y
x	0	Z	Z	0	X	x	0	z	z	z	0
z	z	z	Z	0	X	x	0	z	X	x	X
z	Z	Y	X	x	X	x	0	z	X	x	Y
x	Z	0	Z	0	X	x	0	z	X	x	y
Z	0	Z	Z	0	X	x	X	x	Y	0	y
0	0	Z	Z	0	X	x	0	z	X	x	X
Z	0	Z	Z	0	Z	Y	0	y	Z	Z	Z
Z	0	Z	Z	0	X	x	0	z	z	z	Y
z	0	Z	Z	0	Z	0	0	z	Y	X	x
0	y	0	Z	0	X	x	0	z	z	0	0
0	Z	Z	Z	0	X	x	X	x	Z	Z	Z
z	0	0	Z	0	X	x	0	z	0	X	x
Z	Z	Z	Z	0	Z	Y	0	y	Y	0	y
Z	Z	Z	Z	0	Z	Y	0	y	Y	0	y
Z	Z	Z	Z	0	X	x	0	z	z	Z	Z
0	0	Z	Z	Y	X	x	0	z	Z	Z	0
Z	0	Y	X	x	X	x	0	z	X	x	y
0	z	z	Z	0	X	x	0	z	X	x	y
0	y	Z	Y	0	y	z	0	z	Z	0	0
x	0	Z	Z	0	X	x	0	z	0	0	Z
Z	0	Z	Z	0	X	x	0	z	z	Z	Z
z	0	0	Z	0	X	x	0	z	z	Z	0
y	z	0	Z	0	X	x	0	z	Y	X	x
z	0	z	Z	0	Z	Y	0	y	z	Z	Z
y	0	0	Z	0	X	x	0	z	X	x	y
Y	0	y	Z	0	X	x	0	z	Y	0	y
0	y	z	Z	0	0	z	0	z	z	0	z
X	x	y	Z	0	Z	Y	0	y	z	0	Z
x	0	Z	Z	0	X	x	0	z	z	0	Z
X	x	Z	Z	0	X	x	0	z	z	0	z
z	X	x	Z	0	X	x	0	z	z	0	Y
Y	0	y	Z	0	X	x	0	z	z	Z	Z
0	0	Z	Z	0	X	x	0	z	z	Z	Z
x	0	Z	Z	0	X	x	0	z	z	Z	0
z	0	z	Z	0	X	x	0	z	z	z	z
0	0	z	Z	0	X	x	0	z	Y	X	x
Y	0	y	Z	0	Z	0	0	z	z	0	Z
0	0	z	Z	0	X	x	0	z	0	0	0
Z	0	0	Z	0	X	x	0	z	z	0	0
X	x	0	Z	0	X	x	0	z	z	0	0
0	X	x	Z	0	X	x	0	z	Z	0	X
Z	0	0	Z	0	X	x	0	z	z	z	z
y	z	z	Y	0	y	z	0	z	z	Y	0
X	x	y	X	x	X	x	0	z	z	Z	0
Z	0	Z	Z	0	X	x	0	z	z	z	Y
z	X	x	Z	0	X	x	y	z	z	Y	0
0	y	z	Z	0	X	x	0	z	z	z	z
X	x	y	X	x	X	x	0	z	z	X	x
x	y	0	Z	0	X	x	0	z	0	0	Z
0	0	z	Z	0	X	x	0	z	0	Y	X
Y	0	y	Z	0	X	x	0	z	Y	0	y
x	0	0	Z	0	X	x	0	z	0	0	z
0	y	0	Z	0	X	x	0	z	z	z	Y
z	X	x	Z	0	X	x	0	z	z	0	z
x	0	Z	Z	0	X	x	0	z	z	z	0
z	z	0	Z	0	X	x	0	z	z	z	X
z	z	z	Z	0	X	x	0	z	X	x	X
z	z	z	Z	0	X	x	0	z	z	Z	Y
z	0	z	Z	0	X	x	X	x	y	Z	Y
z	0	0	Z	0	X	x	0	z	z	z	Y
z	0	0	Z	0	X	x	0	z	z	z	z
Z	0	Z	Z	0	X	x	0	z	z	z	Y
0	y	0	Z	0	X	x	0	z	z	0	0
Z	Z	0	Z	0	X	x	0	z	z	Y	0
y	z	z	Z	0	X	x	0	z	z	z	X
z	0	0	Z	0	X	x	0	z	0	X	x
y	z	z	Z	0	X	x	0	z	z	Z	0
z	0	z	Z	0	0	z	0	z	z	z	Z
Z	Z	Z	Z	0	X	x	0	z	z	Z	Z
0	z	0	Z	0	X	x	0	z	z	z	Z
0	z	z	Z	0	X	x	0	z	X	x	y
x	X	x	Z	0	X	x	X	x	y	z	z
x	y	Z	Z	0	X	x	0	z	z	Z	Z
z	0	z	Z	0	X	x	0	z	Y	X	x
Z	Z	Z	Z	0	X	x	0	z	z	Y	0
z	0	Z	Z	0	X	x	0	z	Z	0	Z
0	y	Z	Z	0	Z	0	0	z	Y	X	x
0	0	Z	Z	0	X	x	0	z	Y	0	y
y	Z	Z	Z	0	X	x	0	z	X	x	X
Z	0	Z	Z	0	X	x	0	0	Z	0	X
z	0	Z	Z	0	X	x	0	z	z	Z	Z
0	z	Z	Z	0	X	x	0	z	z	Z	0
0	y	Z	Z	0	X	x	X	x	Z	Y	0
y	z	Z	Z	0	0	z	0	z	X	x	y
y	z	Z	Z	0	X	x	0	z	z	0	z
X	x	Z	Z	0	X	x	X	x	X	x	0
Y	0	y	Z	0	X	x	0	z	Y	X	x
0	z	Z	Z	0	X	x	0	z	0	0	Z
z	0	z	Z	0	X	x	0	z	0	0	0
y	0	z	Z	0	X	x	0	z	Z	Z	0
0	z	Y	X	x	X	x	0	z	Z	0	X
x	0	z	Z	0	X	x	0	z	X	x	0
0	y	Z	Z	0	X	x	0	z	z	z	Z
0	z	Z	Z	0	X	x	0	z	z	0	Y
Z	Z	0	Z	0	X	x	0	z	Z	0	Z
X	x	Y	X	x	X	x	0	z	Y	0	y
X	x	Z	Y	0	y	z	0	z	Y	X	x
z	Z	Z	Z	0	X	x	0	z	Z	0	0
Z	Z	Z	Z	0	0	z	0	z	Y	X	x
Z	0	Z	Z	0	X	x	0	z	Y	X	x
0	0	Z	Z	0	X	x	0	z	Z	0	0
x	X	x	Z	0	X	x	0	z	z	X	x
x	y	Z	Z	0	X	x	0	z	z	Z	Z
z	0	z	Z	0	X	x	0	z	Y	X	x
x	0	z	Z	0	X	x	X	x	y	X	x
Z	Z	Z	Z	0	X	x	0	z	z	Y	0
0	0	z	Z	0	X	x	0	z	z	z	Z
z	0	Z	Z	0	X	x	0	z	z	Z	Z
X	x	y	Z	0	X	x	0	z	z	0	z
0	z	Z	Z	0	X	x	0	z	z	Z	0
Y	0	y	Z	0	X	x	0	z	z	0	0
y	0	z	Z	0	Z	0	0	z	z	Z	0
x	0	z	Z	0	X	x	0	z	0	0	0
0	0	z	Z	Y	X	x	0	z	z	z	Z
y	z	Z	Z	0	X	x	0	z	z	0	z
Y	0	y	Z	0	X	x	0	z	Y	X	x
z	0	z	Z	0	X	x	0	z	0	0	0
y	0	z	Z	0	X	x	0	z	Z	Z	0
0	0	z	Z	0	X	x	0	z	0	z	0
x	0	z	Z	0	X	x	0	z	X	x	0
0	y	Z	Z	0	X	x	0	z	z	z	Z
x	0	z	Z	0	Z	0	0	z	z	z	Z
0	z	Z	Z	0	X	x	0	z	z	0	Y
Y	X	x	Z	0	Z	0	0	z	z	Z	Z
x	X	x	Z	0	X	x	0	z	z	X	x
0	Z	0	Z	0	X	x	0	z	z	0	z
0	0	Z	Z	0	X	x	0	z	z	0	X
x	Z	Z	Z	0	X	x	0	z	z	Y	0
x	Z	Z	Z	0	0	z	0	z	Y	0	y
z	0	Z	0	0	X	x	0	z	X	x	0
X	x	Z	Z	0	X	x	0	z	z	Z	0
z	0	Z	Z	0	X	x	0	z	0	0	z
x	0	Z	0	0	X	x	0	z	Z	0	0
Z	0	Z	Z	0	X	x	0	z	Y	0	y
Z	Z	Z	Y	0	y	z	0	z	Y	X	x
y	z	0	Z	0	X	x	0	z	0	Z	Z
x	X	x	Z	0	X	x	0	z	0	0	0
0	y	Z	Z	0	0	z	0	z	Y	0	y
X	x	y	Z	0	X	x	0	z	X	x	y
0	Z	Z	Z	0	X	x	0	z	Z	0	0
0	y	Z	Z	0	X	x	0	z	0	0	Z
Z	Z	Z	Z	0	X	x	0	z	z	Z	Z
z	0	z	Z	0	X	x	0	z	Z	0	X
z	z	Z	Z	0	X	x	0	z	Z	0	X
z	0	z	Z	0	X	x	0	z	Z	0	0
Z	0	Z	Y	0	y	z	0	z	Z	Y	0
0	y	Z	Z	0	X	x	0	z	z	z	z
z	Z	Z	Z	0	X	x	0	z	z	Y	X
z	Z	Z	Z	0	X	x	0	z	Z	Z	0
z	z	Z	Z	0	0	z	0	z	Z	0	Z
y	0	Z	Z	0	Z	Y	0	y	Z	Z	0
z	Z	Z	Z	0	X	x	0	z	Z	0	0
X	x	0	Z	0	X	x	0	z	z	z	Z
X	x	y	Z	0	X	x	0	z	0	0	X
0	0	Z	Z	0	X	x	y	z	X	x	Y
z	0	Z	Z	0	0	z	0	z	X	x	X
Z	Z	0	Z	0	X	x	0	z	X	x	X
X	x	Z	Z	0	0	z	0	z	X	x	y
Z	0	Z	Z	0	X	x	0	z	z	z	0
x	0	Z	Z	0	X	x	0	z	Y	0	y
Y	0	y	Z	0	X	x	0	z	Z	Z	0
0	0	Z	Z	0	X	x	0	z	z	z	0
z	0	Z	Z	0	X	x	0	z	z	Z	Z
0	0	Z	Z	0	X	x	0	z	z	0	X
x	Z	Z	Z	0	X	x	0	z	z	Y	0
Y	0	y	Z	0	X	x	0	0	z	0	z
Y	0	y	0	0	X	x	0	z	z	0	z
y	z	z	Z	0	X	x	0	z	0	Z	Y
0	0	z	Z	0	X	x	0	z	z	Z	0
X	x	Z	Z	0	X	x	0	z	z	Z	0
Y	0	y	Z	0	Z	Y	0	y	z	Z	Z
z	0	Z	Z	0	X	x	0	z	0	0	z
Y	X	x	Z	0	X	x	X	x	y	0	0
y	z	0	Z	0	X	x	0	z	0	Z	Z
x	X	x	Z	0	X	x	0	z	0	0	0
X	x	y	Z	0	X	x	0	z	X	x	y
Y	0	y	Z	0	X	x	0	z	0	Z	Y
X	x	y	Z	0	X	x	0	z	z	z	Y
z	0	0	Z	0	X	x	0	0	z	z	0
z	X	x	Z	0	X	x	0	0	z	Z	0
Z	Z	Z	Z	0	X	x	0	z	z	Z	Z
x	0	z	Z	0	X	x	0	z	z	0	X
z	0	z	Z	0	X	x	0	z	Z	0	X
z	0	z	Z	0	X	x	0	z	Z	0	0
0	Z	0	Z	0	X	x	0	z	z	z	z
0	y	Z	Z	0	X	x	0	z	z	z	z
z	Z	Z	Z	0	X	x	0	z	z	Y	X
z	0	z	X	x	X	x	0	z	z	Y	X
X	x	0	Z	0	X	x	0	z	z	z	Z
X	x	y	Z	0	X	x	0	z	0	0	X
0	z	z	Z	0	X	x	0	z	0	Y	0
X	x	y	0	0	X	x	0	z	z	z	z
Y	0	y	Z	0	Z	0	0	z	z	Z	0
Z	0	Z	Z	0	X	x	0	z	z	z	0
Z	Z	0	Z	0	X	x	0	z	z	X	x
Y	X	x	Z	0	X	x	0	z	z	z	X
Y	0	y	Z	0	X	x	0	z	Z	Z	0
0	0	Z	Z	0	X	x	0	z	z	z	0
z	0	Z	Z	0	X	x	0	z	z	Z	Z
0	Z	Z	Z	0	Z	Y	0	y	X	x	Z
Z	0	Z	Z	0	X	x	X	x	Z	0	X
0	Z	Z	Z	0	Z	0	0	z	Y	0	y
x	0	0	Z	0	X	x	0	z	Y	0	y
Z	Z	Z	Z	0	X	x	0	z	z	0	0
X	x	y	Z	0	X	x	0	z	X	x	Z
Z	0	Z	Z	0	X	x	0	z	z	Z	Z
x	y	Z	Z	0	X	x	0	z	0	0	0
X	x	Y	X	x	X	x	0	z	Y	0	y
Z	Z	Y	X	x	X	x	0	z	X	x	X
Z	Z	Z	Z	0	X	x	0	z	z	0	Z
z	0	Z	Z	0	X	x	0	z	0	X	x
X	x	Z	Z	0	X	x	0	z	0	z	0
z	0	z	Z	0	X	x	0	z	X	x	0
z	z	Z	Z	0	0	z	0	z	Z	Y	0
y	z	Z	Z	0	X	x	0	z	0	0	0
Z	0	Z	Z	0	X	x	0	z	z	z	z
0	0	Z	Z	0	X	x	0	z	z	0	Z
0	z	0	Z	0	X	x	0	z	Z	0	Y
z	0	Z	Z	0	X	x	0	z	z	Z	Z
0	0	0	Z	0	X	x	0	z	0	Y	0
0	Z	Z	Z	0	X	x	0	z	z	0	0
x	Z	Z	Z	0	X	x	0	z	0	0	0
y	z	0	Z	0	X	x	0	z	0	X	x
X	x	0	Z	0	X	x	0	z	0	Y	X
z	z	Z	Z	0	X	x	X	x	Y	X	x
X	x	Z	Z	0	X	x	0	z	Y	X	x
z	0	Z	Z	0	X	x	0	z	z	0	0
z	Z	Z	Z	0	0	z	0	z	Z	0	Z
Z	Z	Z	Z	0	X	x	0	z	z	0	z
0	Z	0	Z	0	X	x	0	z	Z	Z	0
Y	0	y	Z	0	X	x	0	z	Y	0	y
X	x	Z	Z	0	X	x	0	z	0	Z	Y
0	0	Z	Z	0	X	x	0	z	z	z	z
0	0	Z	Z	0	X	x	0	z	z	z	z
0	Z	Z	Z	0	X	x	0	z	z	0	Z
0	Z	Z	Z	0	X	x	0	z	Z	0	0
z	z	Z	Z	0	X	x	0	z	z	Y	0
0	0	Z	Z	0	X	x	0	z	z	Y	0
z	z	Z	Z	0	X	x	0	z	0	Y	0
y	0	z	Z	0	X	x	0	z	Z	0	0
y	Z	Z	Z	0	Z	Y	0	y	Y	0	y
y	0	Z	Z	0	X	x	0	z	z	Y	X
0	Z	Z	Z	0	X	x	0	z	0	Y	X
z	z	Z	Z	0	0	z	0	z	Y	0	y
z	z	Z	Z	0	X	x	0	z	Y	0	y
z	z	Z	Z	0	X	x	0	z	z	0	z
0	Z	0	Z	0	X	x	0	z	Y	X	x
Z	0	Z	Z	0	X	x	0	z	z	X	x
0	z	Z	Z	0	X	x	X	x	Z	Y	0
0	Z	Z	Z	0	X	x	0	z	z	0	0
z	0	0	Z	0	X	x	0	z	0	X	x
0	0	z	Z	0	X	x	0	z	Z	0	0
x	X	x	Z	0	X	x	0	z	0	Y	X
z	0	Z	Z	0	X	x	0	z	z	z	z
x	0	Z	Z	0	X	x	0	z	z	Z	0
0	y	Z	Z	Y	X	x	0	z	Y	0	y
y	0	X	x	0	X	x	0	z	X	x	y
0	0	Z	0	0	X	x	0	z	Y	0	y
0	z	Z	Z	0	X	x	0	z	0	Z	Z
x	Z	Z	Z	0	X	x	0	z	z	Z	Y
z	0	Z	Z	0	X	x	0	Z	Z	Z	Z
0	z	0	Z	0	X	x	0	z	Z	0	0
y	z	Z	Z	0	X	x	0	z	z	0	0
0	0	Z	Z	0	X	x	0	z	z	z	z
x	y	Z	Z	0	X	x	0	z	z	z	z
0	z	z	Z	0	X	x	0	z	X	x	y
X	x	Z	Z	Y	X	x	0	z	X	x	Z
X	x	X	x	0	X	x	0	z	z	X	x
z	z	z	Z	0	X	x	0	z	z	Y	0
Z	Z	Z	Z	0	X	x	0	z	z	0	0
X	x	y	Z	0	X	x	0	z	X	x	Z
Z	0	Z	Z	0	X	x	0	z	z	Z	Z
y	0	z	Y	0	y	z	0	z	z	Z	Z
x	0	0	Z	0	X	x	0	z	z	z	z
Y	0	y	Z	0	X	x	X	x	y	z	z
Z	Z	Z	Z	0	X	x	0	z	z	0	Z
z	0	Z	Z	0	X	x	0	z	0	X	x
X	x	Z	Z	0	X	x	0	z	0	z	0
x	X	x	Z	0	X	x	y	z	z	Z	Y
z	0	z	Z	0	X	x	0	z	X	x	0
Z	0	Z	Z	0	X	x	0	z	z	z	z
x	y	z	Z	0	X	x	X	x	y	z	X
0	0	Z	Z	0	X	x	0	z	z	0	Z
0	0	z	Z	0	Z	0	0	z	z	z	X
z	X	x	Z	0	X	x	X	x	y	Z	0
z	0	Z	Z	0	X	x	0	z	z	Z	Z
0	0	0	Z	0	X	x	0	z	0	Y	0
0	Z	Z	Z	0	X	x	0	z	z	0	0
x	Z	Z	Z	0	X	x	0	z	0	0	0
y	z	0	Z	0	X	x	0	z	0	X	x
X	x	0	Z	0	X	x	0	z	0	Y	X
X	x	Z	Z	0	X	x	0	z	Y	X	x
z	0	Z	Z	0	X	x	0	z	z	0	0
Z	Z	Z	Z	0	X	x	0	z	z	0	z
0	X	x	Z	0	X	x	X	x	y	z	0
z	z	0	Z	0	X	x	0	z	z	0	0
Y	0	y	Z	0	X	x	0	z	Y	0	y
X	x	Z	Z	0	X	x	0	z	0	Z	Y
0	0	Z	Z	0	X	x	0	z	z	z	z
0	0	Z	Z	0	X	x	0	z	z	z	z
0	Z	Z	Z	0	X	x	0	z	z	0	Z
z	z	Z	Z	0	X	x	0	z	z	Y	0
0	0	Z	Z	0	X	x	0	z	z	Y	0
y	0	z	Z	0	X	x	0	z	Z	0	0
y	0	Z	Z	0	X	x	0	z	z	Y	X
x	y	z	Z	0	X	x	0	z	z	z	0
z	0	z	Z	0	X	x	0	z	0	z	0
z	z	Z	Z	0	X	x	0	z	z	0	z
0	Z	0	Z	0	X	x	0	z	Y	X	x
Z	0	Z	Z	0	X	x	0	z	z	X	x
0	Z	Z	Z	0	X	x	0	z	z	0	0
z	0	0	Z	0	X	x	0	z	0	X	x
0	0	z	Z	0	X	x	0	z	Z	0	0
x	X	x	Z	0	X	x	0	z	0	Y	X
z	X	x	Z	0	X	x	0	z	z	z	0
Y	0	y	X	x	X	x	0	z	z	Y	0
0	z	0	Z	0	X	x	0	z	z	0	X
z	0	Z	Z	0	X	x	0	z	z	z	z
x	0	Z	Z	0	X	x	0	z	z	Z	0
0	0	0	Z	0	X	x	0	z	z	Y	X
0	0	z	Z	0	X	x	0	z	z	0	z
z	z	z	Z	0	X	x	0	z	z	0	z
x	Z	Z	Z	0	X	x	0	z	z	Z	Y
0	z	0	Z	0	X	x	0	z	Z	0	0
y	z	Z	Z	0	X	x	0	z	z	0	0
0	0	Z	Z	0	X	x	0	z	z	z	z
x	y	Z	Z	0	X	x	0	z	z	z	z
0	z	z	Z	0	X	x	0	z	X	x	y
X	x	X	x	0	X	x	0	z	z	X	x
x	0	0	Z	0	X	x	0	z	z	0	Y
x	y	Z	Z	0	X	x	0	z	0	z	z
0	X	x	Z	0	X	x	0	z	Z	Y	0
y	0	Z	Z	0	X	x	0	z	z	Z	Z
z	z	Z	Z	0	X	x	0	z	Z	0	Z
y	0	Z	Z	0	X	x	0	z	X	x	y
0	Z	Z	Z	0	X	x	0	z	0	z	0
0	y	Z	Z	0	X	x	0	z	z	z	Y
0	z	0	Z	0	X	x	0	z	Z	Z	Y
x	y	0	Z	0	X	x	0	z	Z	Z	Z
x	y	Z	Z	0	Z	0	0	z	Y	X	x
z	X	x	Z	0	X	x	0	z	Y	0	y
0	0	Z	0	0	X	x	0	z	0	Z	Y
X	x	y	Z	0	X	x	0	z	0	z	0
Z	0	0	Z	0	X	x	0	z	0	0	z
z	z	0	Z	0	X	x	0	z	Z	Y	0
0	y	Z	Z	0	X	x	0	z	z	0	z
y	z	Z	Z	0	X	x	0	z	z	z	0
Z	0	Z	Z	0	X	x	0	z	0	Z	0
Y	0	y	Z	0	X	x	0	z	X	x	Y
z	0	z	Z	0	X	x	0	z	z	0	0
x	0	0	Z	0	X	x	0	z	z	Y	0
X	x	0	Z	0	X	x	0	z	z	0	Y
0	X	x	Z	0	X	x	0	z	z	Z	Z
0	z	Z	Z	0	X	x	0	z	0	Z	Y
0	0	0	Z	0	X	x	0	z	0	Z	Y
X	x	Y	X	x	X	x	0	z	Z	Z	Y
0	y	Y	X	x	X	x	0	z	X	x	y
X	x	0	Z	0	X	x	0	z	Z	0	X
Z	Z	Z	Z	0	X	x	0	z	0	X	x
X	x	Z	Z	0	X	x	y	z	Y	0	y
0	0	z	Z	0	X	x	0	z	0	Z	0
0	Z	Z	Z	0	X	x	0	z	z	Z	0
0	z	Z	Z	0	Z	Y	0	y	Z	Y	0
Z	0	Z	Z	0	X	x	0	z	Z	Y	0
0	0	Y	X	x	X	x	0	z	X	x	0
z	z	Z	Z	0	X	x	0	z	z	z	Y
x	y	0	Z	0	X	x	0	z	Z	0	0
0	0	Z	Z	0	X	x	0	z	Y	0	y
X	x	0	Z	0	X	x	0	z	0	X	x
0	z	Z	Z	0	X	x	0	z	0	Z	Z
0	0	Z	Z	Y	X	x	0	z	Z	Z	Y
Z	Z	Z	Z	0	Z	0	0	z	Y	X	x
0	Z	Z	Z	0	X	x	0	z	0	Z	Z
0	0	Z	Z	0	X	x	0	z	0	Y	0
0	0	Z	Z	0	X	x	0	z	0	z	z
0	0	Z	Z	0	X	x	0	z	z	0	z
0	z	0	Z	0	X	x	0	z	X	x	y
0	Z	Z	Z	0	X	x	0	Y	X	x	0
z	0	Z	Z	0	X	x	0	z	z	0	z
y	Z	Y	X	x	X	x	0	z	Z	0	0
0	z	z	Z	0	X	x	0	z	z	Z	Y
x	0	0	Z	0	X	x	0	z	z	0	Y
0	X	x	Z	0	X	x	0	z	Z	Y	0
y	0	Z	Z	0	X	x	0	z	z	Z	Z
y	0	Z	Z	0	X	x	0	z	X	x	y
z	0	z	X	x	X	x	0	z	z	0	Y
0	y	Z	Z	0	X	x	0	z	z	z	Y
0	Z	0	Z	0	X	x	0	z	z	0	0
0	0	z	Z	0	Z	0	0	z	z	0	0
y	X	x	Z	0	X	x	0	z	z	0	z
z	X	x	y	0	X	x	0	z	z	0	Z
y	z	z	Z	0	Z	0	0	z	z	0	z
z	X	x	Z	0	X	x	0	z	Y	0	y
X	x	y	Z	0	X	x	0	z	0	z	0
Z	0	0	Z	0	X	x	0	z	0	0	z
0	y	Z	Z	0	X	x	0	z	z	0	z
y	z	Z	Z	0	X	x	0	z	z	z	0
Y	0	y	Z	0	X	x	0	z	X	x	Y
Z	0	0	Z	0	X	x	0	z	z	z	0
0	y	z	z	0	X	x	0	z	z	Z	Z
z	0	z	Z	0	X	x	0	z	z	0	0
y	0	z	Z	0	0	z	0	z	z	Y	0
x	0	0	Z	0	X	x	0	z	z	Y	0
z	X	x	Z	0	X	x	X	x	y	Y	0
X	x	0	Z	0	X	x	0	z	z	0	Y
0	X	x	Z	0	X	x	0	z	z	Z	Z
z	X	x	X	x	X	x	0	z	z	z	z
0	0	0	Z	0	X	x	0	z	0	Z	Y
X	x	0	Z	0	X	x	0	z	Z	0	X
Z	Z	Z	Z	0	X	x	0	z	0	X	x
Y	0	y	Z	0	X	x	0	z	z	Z	Y
y	0	z	Z	0	X	x	0	z	z	0	z
Y	0	y	Z	Y	X	x	0	z	z	z	0
0	0	z	Z	0	X	x	0	z	0	Z	0
Y	0	y	Z	0	0	z	0	z	z	z	0
0	Z	Z	Z	0	X	x	0	z	z	Z	0
z	z	Z	Z	0	X	x	0	z	z	z	Y
X	x	0	Z	0	X	x	0	z	0	X	x
0	0	z	Y	0	y	z	0	z	z	Y	X
0	0	Z	Z	0	X	x	0	z	0	Y	0
0	0	Z	Z	0	X	x	0	z	z	0	z
0	z	0	Z	0	X	x	0	z	X	x	y
y	0	0	Z	0	X	x	0	z	z	z	z
z	0	Z	Z	0	X	x	0	z	z	0	z
y	z	0	Z	0	X	x	0	z	z	0	z
z	z	Z	Z	0	X	x	0	z	z	z	z
0	z	Z	Z	0	X	x	0	z	0	z	X
Z	Z	Z	Z	0	X	x	0	z	0	z	z
y	z	Y	X	x	X	x	0	z	Y	0	y
0	z	Z	Z	0	X	x	0	z	0	0	0
0	Z	Z	Z	0	Z	0	0	z	Y	0	y
z	0	Z	Z	0	X	x	0	z	Z	0	X
z	0	0	Z	0	X	x	0	z	z	X	x
0	Z	0	Z	0	X	x	0	z	Y	0	y
X	x	Y	X	x	X	x	0	z	X	x	Z
X	x	Z	Z	0	X	x	0	z	z	Y	X
X	x	0	Z	0	X	x	0	z	z	Y	X
0	0	Z	Z	0	0	z	0	z	Z	0	0
x	y	Z	Z	0	X	x	0	z	Y	X	x
X	x	0	Z	0	X	x	0	z	z	z	Y
z	z	Z	Z	0	Z	Y	0	y	X	x	X
z	Z	Z	Z	0	0	z	0	z	Y	0	y
X	x	Z	Z	0	Z	Y	0	y	Y	X	x
Z	0	Z	Z	0	X	x	0	z	0	0	0
z	z	Z	Z	0	X	x	0	z	z	Z	Z
Z	0	Z	Z	0	X	x	0	z	Z	0	0
0	y	0	Z	0	X	x	0	z	z	0	0
0	Z	Z	Z	0	X	x	0	z	z	z	z
Z	0	Z	Z	0	X	x	0	z	Z	0	0
0	Z	Y	X	x	X	x	0	z	Z	Z	Z
0	y	Z	Z	0	X	x	0	z	0	z	z
x	y	Z	Z	0	X	x	0	0	Y	X	x
0	0	Z	Z	0	X	x	0	z	z	0	z
0	Z	Y	X	x	X	x	0	z	X	x	0
0	Z	Z	Z	0	X	x	0	z	z	Z	0
0	0	Z	Z	0	X	x	0	z	Z	Y	0
0	y	Z	Z	0	X	x	0	z	0	0	z
x	0	Y	X	x	X	x	0	z	Z	Y	X
Z	Z	Z	Z	0	X	x	0	Z	Y	X	x
Z	0	0	Z	0	X	x	0	z	0	X	x
0	0	Z	Z	0	X	x	0	z	0	Z	0
y	Z	Z	Z	0	X	x	0	z	z	0	0
Z	Z	Z	Z	0	X	x	0	0	Z	Z	0
x	Z	Z	Z	0	X	x	0	z	z	Z	Z
Y	X	x	Z	0	X	x	0	z	z	0	Z
X	x	Z	Z	0	X	x	0	z	Z	0	0
x	Z	Y	X	x	X	x	0	z	Z	0	0
0	z	0	Z	0	X	x	0	z	Z	0	Y
0	0	z	Z	0	X	x	0	z	Z	0	0
0	0	Z	Z	0	X	x	0	z	Z	0	0
z	z	Z	Z	0	X	x	0	z	z	Z	0
Z	0	Z	Z	0	X	x	0	z	z	X	x
0	0	Y	X	x	X	x	0	z	Z	0	X
z	X	x	Z	0	X	x	0	z	0	0	Y
Z	0	Z	Z	0	X	x	0	z	z	0	z
z	z	0	Z	0	X	x	0	z	0	X	x
Z	0	Z	Z	0	X	x	0	z	X	x	0
y	Z	Z	Z	0	X	x	0	z	z	z	0
0	0	Z	Z	0	X	x	0	z	0	z	0
z	z	Z	Z	0	X	x	0	z	Z	0	Y
x	Z	Z	Z	0	X	x	0	z	z	0	Y
z	Z	Z	Z	0	X	x	0	z	X	x	0
0	y	Z	Z	0	X	x	0	z	0	z	0
z	z	Z	Z	0	X	x	0	z	z	z	z
y	Z	0	Z	0	X	x	0	z	z	0	0
z	0	z	Z	0	X	x	0	z	0	Y	0
0	z	Z	Z	0	X	x	0	z	0	0	0
z	z	0	Z	0	X	x	0	z	z	0	0
z	z	z	Y	0	y	z	0	z	z	X	x
x	y	z	Z	0	X	x	0	z	0	Z	Y
z	0	0	Z	0	X	x	0	z	z	X	x
0	0	z	Z	0	X	x	0	z	z	0	Y
X	x	Z	Z	0	X	x	0	z	z	Y	X
X	x	y	Z	0	X	x	y	z	z	X	x
X	x	0	Z	0	X	x	0	z	z	Y	X
X	x	0	Z	0	X	x	0	z	z	z	Y
z	z	z	Z	0	X	x	X	x	y	X	x
0	0	z	Z	0	Z	Y	0	y	z	Z	Y
0	0	z	X	x	X	x	0	z	z	0	0
Z	0	Z	Z	0	X	x	0	z	0	0	0
z	z	Z	Z	0	X	x	0	z	z	Z	Z
0	y	0	Z	0	X	x	0	z	z	0	0
0	Z	Z	Z	0	X	x	0	z	z	z	z
y	z	z	Z	0	X	x	0	z	0	Y	X
0	0	Z	Z	0	X	x	0	z	z	0	z
Y	0	y	Y	0	y	z	0	z	z	Z	0
0	Z	Z	Z	0	X	x	0	z	z	Z	0
x	y	0	Z	0	X	x	0	z	z	Z	Z
0	0	Z	Z	0	X	x	0	z	Z	Y	0
X	x	y	Z	0	0	z	0	z	z	Y	0
Y	X	x	Z	0	X	x	0	z	0	z	0
Z	0	0	Z	0	X	x	0	z	0	X	x
Y	0	y	Z	0	X	x	0	z	z	0	z
z	z	z	Z	0	X	x	X	x	y	0	z
y	Z	Z	Z	0	X	x	0	z	z	0	0
x	Z	Z	Z	0	X	x	0	z	z	Z	Z
Y	X	x	Z	0	X	x	0	z	z	0	Z
z	X	x	y	0	X	x	0	z	z	0	z
x	y	z	Z	0	Z	Y	0	y	z	z	Y
z	X	x	Z	0	Z	0	0	z	z	X	x
Y	0	y	Z	0	Z	0	0	z	z	Z	Z
Z	Z	0	Z	0	X	x	0	z	z	z	Z
z	0	z	Z	0	X	x	0	z	z	0	z
0	y	0	Z	0	X	x	0	z	z	Y	0
0	0	z	Z	0	X	x	0	z	Z	0	0
z	z	Z	Z	0	X	x	0	z	z	Z	0
0	z	0	Z	0	X	x	0	z	z	0	0
Z	0	Z	Z	0	X	x	0	z	z	X	x
y	0	z	Z	0	Z	0	0	z	z	z	0
z	X	x	Z	0	X	x	0	z	0	0	Y
Z	0	Z	Z	0	X	x	0	z	z	0	z
Y	0	y	Z	0	X	x	0	z	z	0	X
z	z	0	Z	0	X	x	0	z	0	X	x
y	Z	Z	Z	0	X	x	0	z	z	z	0
0	y	0	Z	0	X	x	0	z	z	Z	0
x	Z	Z	Z	0	X	x	0	z	z	0	Y
0	z	z	X	x	X	x	0	z	z	0	z
0	0	z	Y	0	y	z	0	z	z	Z	Y
0	0	Z	Z	0	X	x	0	z	Y	0	y
Z	Z	Z	Z	0	X	x	0	z	0	X	x
X	x	y	Z	0	X	x	0	z	0	Z	0
X	x	0	Z	0	X	x	0	z	z	z	z
Z	0	Z	Z	0	X	x	0	z	Z	Z	0
X	x	0	Z	0	X	x	0	z	z	Z	Y
0	z	Z	Z	0	X	x	0	z	z	0	z
0	z	Z	Z	0	X	x	0	0	Z	Z	0
0	Z	Z	Z	0	X	x	X	x	Y	0	y
z	z	Z	Z	0	0	z	0	z	Z	0	X
0	z	Z	0	0	X	x	0	z	Y	0	y
y	z	0	Z	0	X	x	0	z	z	z	0
z	z	0	Z	0	X	x	0	z	Y	X	x
y	z	0	Z	0	X	x	0	z	Y	X	x
y	z	0	Z	0	X	x	0	z	0	X	x
Z	Z	Z	Z	0	X	x	0	z	0	X	x
Y	0	y	z	0	X	x	0	z	z	z	Z
z	z	z	Z	0	X	x	0	0	z	0	X
X	x	y	Z	0	X	x	0	z	0	Z	0
X	x	y	Z	0	X	x	0	z	z	Y	0
X	x	0	Z	0	X	x	0	z	z	z	z
X	x	0	Z	0	X	x	0	z	z	Z	Y
X	x	y	Z	0	X	x	0	z	z	X	x
0	z	Z	Z	0	X	x	0	z	z	0	z
z	0	z	Z	0	X	x	0	z	z	z	0
0	y	z	X	x	X	x	0	z	z	X	x
Y	0	y	Z	0	X	x	0	z	z	0	0
X	x	y	0	0	X	x	0	z	z	0	z
y	z	0	Z	0	X	x	0	z	z	z	0
z	z	0	Z	0	X	x	0	z	Y	X	x
y	z	0	Z	0	X	x	0	z	Y	X	x
y	z	0	Z	0	X	x	0	z	0	X	x
z	Z	Z	Z	0	X	x	0	z	z	0	0
y	0	0	Z	0	X	x	0	z	0	Z	Y
0	Z	Z	Z	0	X	x	0	z	z	z	z
X	x	0	Z	0	X	x	0	z	0	X	x
Z	0	Z	Z	0	0	z	0	z	Z	0	0
X	x	Z	Z	0	X	x	0	Z	Y	X	x
y	Z	Z	Z	0	Z	0	0	z	X	x	Y
Z	0	Z	Z	0	X	x	0	z	0	Z	Z
y	Z	Y	X	x	X	x	0	z	X	x	X
z	0	Z	Z	0	X	x	0	z	z	0	z
Z	0	Z	Z	0	X	x	0	0	Z	Z	Z
x	0	X	x	0	X	x	0	z	X	x	Y
0	y	z	Z	0	X	x	0	z	Y	0	y
Z	0	0	Z	0	X	x	0	z	Z	0	Z
y	Z	Z	Z	0	X	x	0	z	z	0	z
x	y	Z	Z	0	X	x	0	z	z	Z	0
0	z	Z	Z	0	X	x	0	z	z	0	z
0	Z	Z	Z	0	X	x	0	z	0	0	0
z	z	Z	Z	0	X	x	0	z	0	z	Z
0	Z	Z	Z	0	X	x	0	z	z	Z	Y
0	y	Z	Z	0	X	x	0	z	Z	0	Z
Z	0	Z	Z	0	X	x	X	x	Z	0	0
0	z	Z	Z	0	0	z	0	z	Z	0	0
z	Z	Z	Z	0	X	x	0	z	z	z	z
z	0	Z	Z	0	0	z	0	z	Y	X	x
z	Z	Z	Z	0	X	x	0	z	z	0	0
Y	0	y	Z	0	X	x	0	z	z	Z	Z
y	0	0	Z	0	X	x	0	z	0	Z	Y
0	Z	Z	Z	0	X	x	0	z	z	z	z
0	Z	0	Z	0	X	x	0	z	z	z	z
X	x	0	Z	0	X	x	0	z	0	X	x
x	X	x	Z	0	X	x	X	x	y	z	z
0	z	z	Z	0	0	z	0	z	z	Z	Z
0	0	z	Z	0	X	x	y	z	z	0	Z
Y	0	y	Z	0	X	x	0	z	z	0	z
z	0	Z	Z	0	X	x	0	z	z	0	z
Y	0	y	Z	0	Z	0	0	z	z	Y	X
X	x	y	X	x	X	x	0	z	z	X	x
z	X	x	Z	0	X	x	X	x	y	X	x
0	0	z	Z	0	X	x	X	x	y	Z	Z
Y	X	x	Z	0	Z	0	0	z	z	0	z
0	y	z	Z	0	X	x	0	z	Y	0	y
x	0	z	Z	0	X	x	0	z	0	z	X
0	0	z	Z	0	X	x	0	z	z	z	0
y	z	0	Z	0	X	x	0	z	z	0	z
z	z	z	X	x	X	x	0	z	z	z	z
0	y	z	Z	0	X	x	0	z	z	0	Y
0	0	z	Z	0	X	x	X	x	y	0	z
y	Z	Z	Z	0	X	x	0	z	z	0	z
y	z	0	Z	0	X	x	0	z	z	Y	0
x	y	Z	Z	0	X	x	0	z	z	Z	0
0	z	Z	Z	0	X	x	0	z	z	0	z
Y	0	y	Z	0	X	x	0	z	z	X	x
0	0	z	Z	0	X	x	0	z	z	z	z
0	Z	Z	Z	0	X	x	0	z	z	Z	Y
Z	0	0	Z	0	X	x	0	z	z	Z	Z
z	z	0	Z	0	X	x	0	z	z	Z	Y
Y	0	y	Z	0	X	x	0	z	z	z	0
0	z	z	Z	0	X	x	0	z	0	z	z
z	Z	Z	Z	0	X	x	0	z	z	z	z
y	Z	Z	Z	0	X	x	y	z	Y	X	x
z	z	z	Z	0	X	x	0	z	X	x	0
X	x	Z	Z	0	X	x	X	x	Z	Z	Y
0	Z	0	Z	0	X	x	0	z	0	0	0
0	Z	Z	Z	0	X	x	0	z	Z	0	Z
0	0	Z	Z	0	X	x	0	z	z	0	0
0	Z	Z	0	0	X	x	0	z	Z	0	Z
X	x	y	Z	0	X	x	0	z	0	0	Y
x	y	0	Z	0	X	x	0	z	Z	0	X
y	Z	Z	Z	0	X	x	0	z	Z	0	0
0	X	x	Z	0	X	x	0	z	Z	0	Y
x	y	Z	Z	0	0	z	0	z	X	x	X
y	0	Z	Z	0	X	x	0	z	0	z	X
0	z	Z	Z	0	X	x	0	z	z	Z	0
0	Z	Z	Z	0	X	x	X	x	Z	Z	Y
X	x	Z	Z	0	X	x	X	x	Y	X	x
z	z	Z	Z	0	X	x	0	z	z	z	X
z	z	0	Z	0	X	x	0	z	0	0	0
0	z	Z	Z	0	0	z	0	z	Z	0	0
z	0	Z	Z	0	Z	Y	0	y	Z	0	0
x	0	z	Z	0	X	x	0	z	0	X	x
X	x	0	Z	0	X	x	0	z	z	X	x
z	0	Z	Z	0	X	x	0	z	X	x	y
0	Z	Z	Z	0	X	x	0	z	z	z	0
z	Z	Z	Z	0	X	x	0	z	z	z	z
y	X	x	Z	0	X	x	0	z	0	X	x
0	y	Z	Z	0	0	z	0	z	Z	Z	0
z	0	Z	Z	0	Z	Y	0	y	Z	0	0
x	0	Z	Z	0	X	x	0	z	z	Z	Z
0	0	Z	Z	0	0	z	0	z	Z	0	0
0	y	Z	Z	0	X	x	0	z	0	z	0
0	0	Z	Z	0	X	x	0	z	X	x	0
y	Z	Z	Z	0	X	x	0	z	Z	Y	X
0	z	Z	Z	0	X	x	0	z	z	Y	X
Y	0	y	Z	0	0	z	0	z	z	z	0
z	z	z	Z	0	X	x	0	z	X	x	0
0	Z	0	Z	0	X	x	0	z	0	0	0
x	0	z	Z	0	Z	Y	0	y	z	0	Z
Y	0	y	Z	0	X	x	X	x	y	Z	Z
0	0	Z	Z	0	X	x	0	z	z	0	0
X	x	y	Z	0	X	x	0	z	0	0	Y
0	X	x	Z	0	X	x	0	z	Z	0	Y
z	z	0	Z	0	X	x	0	z	z	Y	0
0	z	Z	Z	0	X	x	0	z	z	Z	0
z	z	Z	Z	0	X	x	0	z	z	z	X
z	z	0	Z	0	X	x	0	z	0	0	0
0	z	z	Z	0	Z	0	0	z	z	0	z
x	0	z	Z	0	X	x	0	z	0	X	x
X	x	0	Z	0	X	x	0	z	z	X	x
Y	0	y	Z	0	X	x	0	z	0	0	z
Y	0	y	Z	0	X	x	0	z	z	z	0
Y	X	x	Z	0	X	x	0	z	z	z	z
z	0	Z	Z	0	X	x	0	z	X	x	y
0	Z	Z	Z	0	X	x	0	z	z	z	0
0	z	z	Z	0	X	x	0	z	z	Z	Y
z	Z	Z	Z	0	X	x	0	z	z	z	z
y	X	x	Z	0	X	x	0	z	0	X	x
Y	0	y	Z	0	X	x	0	z	z	0	0
x	0	Z	Z	0	X	x	0	z	z	Z	Z
0	0	Z	Z	0	X	x	0	z	X	x	0
x	y	z	Z	0	0	z	0	z	z	z	0
X	x	y	Z	0	X	x	0	z	z	0	z
0	z	Z	Z	0	X	x	0	z	z	Y	X
Z	0	Z	Z	0	X	x	0	z	z	Z	Y
Z	0	Z	Z	0	Z	Y	0	y	Z	0	Z
0	Z	Z	Z	0	X	x	0	z	Z	Z	0
Y	0	y	Z	0	X	x	0	z	Z	0	0
x	y	Z	Z	0	X	x	0	z	Y	0	y
0	0	Z	Z	0	X	x	0	z	X	x	0
x	y	Z	Z	0	X	x	0	z	0	X	x
z	z	Z	Z	0	X	x	0	z	0	0	z
Z	0	Z	Y	0	y	z	0	z	X	x	y
X	x	Z	Z	0	0	z	0	z	X	x	X
X	x	0	Z	0	X	x	0	z	0	0	z
y	X	x	Z	0	X	x	0	z	X	x	0
Z	0	Z	Z	Y	X	x	0	z	X	x	0
0	0	z	Z	0	X	x	0	z	Y	X	x
0	0	Z	Z	0	X	x	0	z	z	z	0
0	y	z	Z	0	X	x	0	z	Z	0	Y
z	z	z	Z	0	X	x	0	z	Z	Z	Y
X	x	X	x	0	X	x	0	z	Z	0	Y
x	0	Z	Z	0	X	x	0	z	0	X	x
z	z	z	Z	0	X	x	0	z	0	X	x
Z	Y	X	x	0	X	x	0	z	Z	Z	Y
0	0	Z	Z	0	X	x	0	z	Z	Z	0
Y	0	y	Z	0	X	x	0	z	Y	0	y
Z	0	Z	Z	0	X	x	0	z	0	z	0
x	y	Z	Z	0	X	x	0	z	0	z	X
0	z	Y	X	x	X	x	0	z	Z	0	Y
Z	Z	Z	Z	0	X	x	0	z	0	Y	X
0	Z	Z	Z	0	X	x	0	z	0	0	X
y	0	0	Z	0	X	x	0	z	0	Y	0
Z	0	0	Z	0	X	x	0	z	Z	0	Y
z	0	Y	X	x	X	x	0	z	Z	Z	Z
y	z	0	Z	0	X	x	0	z	0	X	x
z	0	z	Z	0	X	x	0	z	z	0	0
0	0	Z	Z	0	X	x	0	z	X	x	Z
0	z	Z	Z	0	Z	0	0	z	X	x	0
z	Z	Z	Z	0	X	x	0	z	0	Z	0
x	y	Z	Z	0	X	x	0	z	0	z	X
0	X	x	Z	0	X	x	0	z	z	0	0
Y	0	y	Z	0	X	x	0	z	X	x	0
z	Z	Z	Z	0	X	x	0	z	Z	0	X
z	Z	0	Z	0	X	x	0	z	Z	0	Z
Z	0	Z	Z	0	X	x	0	z	z	0	0
x	y	Y	X	x	X	x	0	z	Y	0	y
0	0	Z	Z	0	X	x	0	z	z	z	Y
X	x	Z	Z	0	X	x	0	0	Z	Z	Y
x	0	Z	Z	0	X	x	0	z	z	z	0
z	Z	Z	Z	0	X	x	0	z	X	x	0
0	Z	Z	Z	0	X	x	0	z	z	Z	Z
Z	Z	Y	X	x	X	x	0	z	Y	0	y
Z	0	Z	0	0	X	x	0	z	Z	0	Z
0	y	Z	Z	0	X	x	0	z	z	Y	0
0	z	0	Z	0	X	x	0	z	X	x	Z
X	x	Z	Z	0	X	x	X	x	Z	0	Z
0	z	Z	Z	0	X	x	0	z	z	Z	Z
Z	Z	0	Z	0	X	x	0	z	Z	Y	0
0	y	Z	Z	0	X	x	0	z	z	z	0
z	Z	Z	Z	0	Z	0	0	z	Z	Z	Z
z	Z	Z	Z	0	X	x	0	z	0	Y	0
y	Z	Z	Z	0	X	x	0	z	Z	0	Z
z	z	Y	X	x	X	x	0	z	X	x	0
x	Z	Z	Z	0	X	x	0	z	Z	Z	Y
x	y	Z	Z	0	X	x	0	z	z	Y	0
z	0	z	Z	0	X	x	0	0	z	z	z
z	z	z	Z	0	X	x	0	z	0	0	z
Z	0	Z	Z	0	X	x	0	z	z	Z	Y
x	0	z	Z	0	X	x	X	x	y	Z	Y
0	X	x	Z	0	X	x	X	x	y	z	X
Y	0	y	Z	0	X	x	0	z	Z	0	0
0	0	Z	Z	0	X	x	0	z	X	x	0
x	y	Z	Z	0	X	x	0	z	0	X	x
x	X	x	Z	0	X	x	X	x	y	X	x
X	x	0	Z	0	X	x	0	z	0	0	z
0	X	x	Z	0	X	x	0	z	z	Z	0
0	0	z	Z	0	Z	0	0	z	z	X	x
y	X	x	Z	0	X	x	0	z	X	x	0
z	0	z	0	0	X	x	0	z	z	Z	Z
0	X	x	y	0	X	x	0	z	z	0	z
0	0	z	Z	0	X	x	0	z	Y	X	x
x	y	z	X	x	X	x	0	z	z	X	x
y	0	z	Z	0	X	x	0	z	z	Z	0
0	0	Z	Z	0	X	x	0	z	z	z	0
0	y	z	Z	0	X	x	0	z	Z	0	Y
z	z	z	Z	0	X	x	0	z	Z	Z	Y
x	0	Z	Z	0	X	x	0	z	0	X	x
z	z	z	Z	0	X	x	0	z	0	X	x
X	x	y	Z	0	X	x	0	z	z	z	Y
Y	0	y	Z	0	X	x	0	z	Y	0	y
0	0	z	Z	0	Z	Y	0	y	z	z	z
z	Z	0	Z	0	X	x	0	z	z	z	Z
y	0	0	Z	0	X	x	0	z	0	Y	0
y	z	0	Z	0	X	x	0	z	0	X	x
z	0	z	Z	0	X	x	0	z	z	0	0
0	0	Z	Z	0	X	x	0	z	X	x	Z
z	X	x	Z	0	X	x	0	z	z	Z	Z
Y	X	x	Z	0	Z	0	0	z	z	0	0
y	0	z	z	0	X	x	0	z	z	Y	0
0	X	x	Z	0	X	x	0	z	z	0	0
0	y	z	0	0	X	x	0	z	z	z	0
Y	0	y	Z	0	X	x	0	z	X	x	0
0	y	z	Z	0	X	x	0	z	z	Z	0
Z	0	Z	Z	0	X	x	0	z	z	0	0
0	0	Z	Z	0	X	x	0	z	z	z	Y
x	0	Z	Z	0	X	x	0	z	z	z	0
0	z	z	Z	0	Z	0	0	z	z	0	0
0	Z	Z	Z	0	X	x	0	z	z	Z	Z
x	X	x	Z	0	X	x	0	z	z	z	z
0	y	Z	Z	0	X	x	0	z	z	Y	0
0	z	0	Z	0	X	x	0	z	X	x	Z
Y	0	y	X	x	X	x	0	z	z	z	0
x	Z	0	Z	0	X	x	0	z	z	0	X
0	z	Z	Z	0	X	x	0	z	z	Z	Z
X	x	y	X	x	X	x	0	z	z	z	Y
Y	0	y	Z	Y	X	x	0	z	z	Z	Y
0	y	Z	Z	0	X	x	0	z	z	z	0
z	0	z	Z	0	X	x	0	z	z	z	z
x	X	x	Z	0	X	x	0	z	z	0	z
z	Z	0	Z	0	X	x	0	z	z	z	0
y	z	z	Z	Y	X	x	0	z	z	z	z
0	X	x	Z	0	Z	0	0	z	z	0	Z
x	y	Z	Z	0	X	x	0	z	z	Y	0
X	x	Z	Z	0	X	x	y	z	Y	X	x
0	z	Z	Z	0	X	x	0	z	X	x	Z
x	0	0	Z	0	X	x	0	z	0	Z	Y
0	0	Z	Z	0	Z	0	0	z	X	x	Y
X	x	0	Z	0	X	x	0	z	Z	0	Z
y	z	Z	Z	0	0	z	0	z	Z	0	Y
x	X	x	Z	0	X	x	0	z	0	Z	Z
Y	X	x	Z	0	X	x	0	z	X	x	0
0	Z	Z	Z	0	0	z	0	z	Z	Z	Y
y	Z	Z	Z	0	X	x	0	z	z	0	z
x	0	0	Z	0	X	x	0	z	Y	0	y
X	x	Z	Z	0	X	x	0	z	Y	0	y
X	x	0	Z	0	X	x	0	z	0	0	Z
0	0	0	Z	0	X	x	0	z	0	Y	X
0	0	0	Z	0	X	x	0	z	z	z	0
Z	Z	Z	Z	0	X	x	0	z	X	x	Z
Y	X	x	Z	0	X	x	0	z	0	z	0
Y	X	x	Z	0	X	x	0	z	Z	0	Z
z	0	z	Z	0	X	x	0	z	Z	Z	Y
z	0	0	Z	0	X	x	0	z	Y	0	y
0	0	Z	Z	0	X	x	0	z	X	x	Z
z	X	x	Z	0	X	x	0	z	z	0	Z
0	0	Z	Z	0	X	x	0	z	0	z	0
0	0	Y	X	x	X	x	0	z	X	x	y
Z	0	Z	Y	0	y	z	0	z	Y	0	y
y	z	Z	0	0	X	x	0	z	Y	0	y
0	y	Z	Z	0	X	x	X	x	Z	Z	Z
X	x	Z	Z	0	X	x	0	z	0	0	0
x	Z	Z	Z	0	X	x	0	z	0	Z	Y
z	0	Z	Z	0	0	z	0	z	Z	0	Y
z	0	Z	Z	0	X	x	0	z	0	Y	0
0	0	Z	Z	0	X	x	0	z	Y	X	x
X	x	Z	Y	0	y	z	0	z	X	x	Y
x	X	x	Z	0	X	x	0	z	Z	0	X
0	y	Z	Z	0	X	x	0	z	z	0	Y
0	z	Z	Z	0	0	z	0	z	Z	0	0
0	Z	Z	Z	0	X	x	0	z	z	Y	0
Z	Z	Z	Z	0	X	x	0	z	z	0	z
0	Z	Z	Z	0	X	x	0	z	z	z	0
x	y	0	Z	0	X	x	0	z	Z	Z	0
0	0	Z	Z	0	0	z	0	z	Y	0	y
y	Z	Z	Z	0	X	x	0	z	X	x	X
Z	0	Z	Z	0	X	x	0	z	Z	0	Z
Z	0	Z	Z	0	X	x	0	z	0	z	Z
X	x	Z	Z	0	X	x	0	z	Z	Z	Z
z	0	Z	Z	0	X	x	0	z	z	0	z
Z	Z	Z	Z	0	X	x	0	z	z	Z	0
z	0	Z	Z	0	X	x	0	z	z	Y	X
0	y	Z	Z	0	X	x	0	z	z	Z	Y
y	X	x	Z	0	X	x	0	z	Z	0	Y
y	Z	Z	Z	0	X	x	0	z	Z	Y	0
z	z	Z	Z	0	X	x	0	z	z	z	z
0	0	z	Z	0	X	x	0	z	z	0	Z
0	0	Z	Z	0	Z	0	0	z	Z	0	0
0	z	Z	Z	0	X	x	0	z	Y	X	x
x	Z	Z	Z	0	X	x	0	z	0	X	x
Z	Z	Z	Z	0	X	x	0	z	z	0	0
x	X	x	Z	0	X	x	0	z	Z	0	Z
Z	0	Z	Z	0	X	x	0	z	z	0	Z
0	z	Z	Z	0	X	x	0	z	0	Z	Z
x	Z	Z	Z	0	X	x	0	z	z	Z	Z
Y	X	x	Z	0	X	x	0	z	Z	Z	Z
Z	0	Z	Z	0	X	x	0	z	Z	0	0
z	Z	Z	Z	0	Z	0	0	z	X	x	Y
x	y	Z	Z	0	X	x	0	z	z	X	x
z	0	Z	Z	0	X	x	0	z	Z	0	Y
Y	X	x	Z	0	X	x	0	z	Z	Y	0
z	0	Z	Z	0	X	x	0	z	z	Z	Y
z	0	z	Z	0	X	x	0	z	Z	0	0
x	0	Z	Z	0	0	z	0	z	Y	0	y
z	Z	Z	Z	0	X	x	0	z	z	X	x
0	y	Z	Z	0	X	x	0	z	Z	0	0
0	y	Z	Z	0	X	x	0	0	Z	Z	Y
0	Z	Z	Z	0	X	x	0	z	0	Z	0
0	y	Z	Z	0	X	x	0	z	z	Z	0
Z	0	Z	Z	Y	X	x	0	z	Z	0	Z
x	y	Z	Z	0	X	x	0	z	Z	Z	Z
X	x	y	Z	0	X	x	0	z	X	x	y
X	x	Z	Z	0	Z	Y	0	y	Y	X	x
X	x	0	Z	0	X	x	0	z	z	X	x
0	0	Z	Z	0	Z	Y	0	y	Z	0	0
X	x	Z	Z	0	0	z	0	z	Y	0	y
z	0	z	Z	0	X	x	0	z	Z	0	0
0	y	Y	X	x	X	x	0	z	Y	0	y
0	0	Z	Z	0	X	x	0	z	z	0	Y
0	z	0	Z	0	X	x	0	z	Z	0	0
z	z	Z	Z	0	X	x	0	z	z	0	z
Z	Z	Y	X	x	X	x	0	z	Z	Z	Y
0	z	Z	Z	0	0	z	0	z	X	x	0
0	Z	Z	Z	0	X	x	0	z	X	x	X
z	z	Z	Z	0	X	x	0	z	0	z	X
0	0	Z	Z	0	X	x	0	z	z	z	Z
Y	0	y	Z	0	X	x	0	z	z	0	z
x	0	0	Z	0	X	x	0	z	0	Z	Y
z	z	0	Z	0	X	x	0	z	z	z	Y
0	y	z	Z	0	X	x	X	x	y	Z	Z
X	x	0	Z	0	X	x	0	z	Z	0	Z
y	0	z	Z	0	X	x	0	z	z	0	X
x	X	x	Z	0	X	x	0	z	0	Z	Z
Y	X	x	Z	0	X	x	0	z	X	x	0
y	Z	Z	Z	0	X	x	0	z	z	0	z
0	z	z	Z	0	X	x	0	z	0	0	0
Y	0	y	Z	0	X	x	0	z	z	z	z
Z	0	0	Z	0	X	x	0	z	z	0	z
x	y	z	Z	0	X	x	0	z	z	X	x
X	x	0	Z	0	X	x	0	z	0	0	Z
0	0	0	Z	0	X	x	0	z	0	Y	X
0	0	0	Z	0	X	x	0	z	z	z	0
Y	X	x	Z	0	X	x	0	z	0	z	0
x	0	z	Z	0	Z	0	0	z	z	0	z
z	0	z	Z	0	Z	0	0	z	z	z	0
Y	X	x	Z	0	X	x	0	z	Z	0	Z
z	0	z	Z	0	X	x	0	z	Z	Z	Y
z	X	x	Z	0	X	x	0	z	z	0	Z
Z	Z	0	Z	0	X	x	0	z	z	z	0
Y	0	y	0	0	X	x	0	z	z	X	x
0	z	z	Z	0	X	x	0	z	z	0	z
0	y	z	Z	0	Z	0	0	z	z	Z	0
0	0	Z	Z	0	X	x	0	z	Y	X	x
y	0	0	0	0	X	x	0	z	z	z	Y
x	X	x	Z	0	X	x	0	z	Z	0	X
0	y	Z	Z	0	X	x	0	z	z	0	Y
Y	0	y	Z	0	X	x	0	z	0	Y	0
0	Z	Z	Z	0	X	x	0	z	z	Y	0
Y	X	x	Z	0	X	x	y	z	z	Y	0
Z	Z	Z	Z	0	X	x	0	z	z	0	z
Y	X	x	Z	0	X	x	0	z	z	0	z
x	X	x	Z	0	X	x	0	z	z	Z	0
0	Z	Z	Z	0	X	x	0	z	z	z	0
y	0	z	Z	0	0	z	0	z	z	Y	0
Y	X	x	Z	0	X	x	0	z	z	Z	Y
y	0	z	Z	0	X	x	0	z	z	z	z
0	X	x	Z	0	X	x	0	z	z	Z	0
X	x	y	Z	0	X	x	0	0	z	0	z
z	z	z	Z	0	X	x	0	z	z	Z	Z
z	0	Z	Z	0	X	x	0	z	z	0	z
0	0	z	Z	0	X	x	0	z	z	0	0
Z	Z	Z	Z	0	X	x	0	z	z	Z	0
z	0	Z	Z	0	X	x	0	z	z	Y	X
0	y	Z	Z	0	X	x	0	z	z	Z	Y
y	X	x	Z	0	X	x	0	z	Z	0	Y
z	z	Z	Z	0	X	x	0	z	z	z	z
0	0	z	Z	0	X	x	0	z	z	0	Z
0	0	0	Z	0	X	x	0	z	z	Y	0
x	Z	Z	Z	0	X	x	0	z	0	X	x
Y	0	y	Z	0	X	x	0	X	x	0	X
Z	Z	Z	Z	0	X	x	0	z	z	0	0
x	X	x	Z	0	X	x	0	z	Z	0	Z
Z	0	Z	Z	0	X	x	0	z	z	0	Z
Y	X	x	X	x	X	x	0	z	z	0	z
x	Z	Z	Z	0	X	x	0	z	z	Z	Z
Y	X	x	Z	0	X	x	0	z	Z	Z	Z
Y	X	x	X	x	X	x	0	z	z	Z	Z
x	y	z	Z	0	X	x	0	X	x	Y	X
x	y	Z	Z	0	X	x	0	z	z	X	x
Y	X	x	Z	0	X	x	0	z	Z	Y	0
z	0	Z	Z	0	X	x	0	z	z	Z	Y
z	0	z	Z	0	X	x	0	z	Z	0	0
z	Z	Z	Z	0	X	x	0	z	z	X	x
x	Z	0	Z	0	X	x	0	z	z	Z	Z
0	y	Z	Z	0	X	x	0	z	z	Z	0
0	z	z	Z	0	X	x	0	z	0	z	0
X	x	y	Z	0	X	x	0	z	X	x	y
X	x	0	Z	0	X	x	0	z	z	X	x
z	X	x	Y	0	y	z	0	z	z	0	0
0	y	0	Z	0	X	x	0	z	z	Y	X
z	0	z	Z	0	X	x	0	z	z	0	z
z	0	z	Z	0	X	x	0	z	Z	0	0
0	0	Z	Z	0	X	x	0	z	z	0	Y
z	z	Z	Z	0	X	x	0	z	z	0	z
0	Z	Z	Z	0	X	x	0	z	X	x	X
0	0	z	Z	0	Z	0	0	z	z	0	z
z	z	z	Z	0	X	x	0	z	z	X	x
0	0	Z	Z	0	X	x	0	z	z	z	Z
z	0	Z	Z	0	X	x	0	z	z	Z	Y
0	z	0	Z	0	X	x	0	z	Z	0	X
Z	0	Z	Z	0	X	x	0	z	0	Z	0
z	0	Z	Z	0	X	x	0	z	z	z	0
0	z	Z	Z	0	X	x	0	z	z	X	x
0	Z	Z	0	0	X	x	0	z	Z	0	Y
0	0	Z	Z	0	X	x	0	z	z	0	0
y	z	0	Z	0	X	x	0	z	z	0	0
z	0	Z	Z	0	X	x	0	z	z	Z	Y
0	y	0	Z	0	X	x	0	z	z	z	0
y	0	z	Z	0	X	x	0	z	0	0	0
Y	0	y	Z	0	X	x	0	z	0	z	0
z	0	Z	Z	0	X	x	0	z	z	z	0
0	z	Z	Z	0	X	x	0	z	z	X	x
Y	X	x	Z	0	X	x	0	z	z	z	Z
0	0	Z	Z	0	X	x	0	z	z	0	0
y	z	0	Z	0	X	x	0	z	z	0	0
0	0	z	Z	0	X	x	0	0	z	z	0
y	Z	Z	Z	0	Z	0	0	z	Z	0	0
X	x	Z	Z	0	X	x	0	0	Z	Z	Z
z	z	Z	Z	0	X	x	0	z	z	X	x
Y	X	x	Z	0	X	x	0	z	X	x	y
y	z	Z	Z	0	X	x	0	z	z	0	Y
Z	Z	Z	Z	0	X	x	0	z	X	x	X
Z	Z	Z	Z	0	Z	Y	0	y	Y	0	y
y	z	Z	Z	0	X	x	0	z	X	x	X
Y	X	x	Z	0	X	x	0	z	0	X	x
0	0	0	Z	0	X	x	0	z	Z	0	0
x	Z	Z	Z	0	X	x	0	z	z	0	z
z	z	Y	X	x	X	x	0	z	X	x	Y
Z	0	Z	Z	0	X	x	0	z	z	0	z
0	X	x	Z	0	X	x	0	z	z	z	0
y	0	Z	Z	0	X	x	0	z	z	0	z
x	y	Z	Z	0	X	x	0	z	z	0	z
Z	0	Z	Z	0	X	x	0	z	z	z	Z
Z	Z	0	Z	0	X	x	0	z	Y	0	y
y	0	Z	Z	0	X	x	0	z	X	x	0
0	0	Z	Z	0	X	x	0	z	z	0	0
z	z	Z	Z	0	X	x	0	z	z	z	z
0	X	x	Z	0	X	x	0	z	0	X	x
y	0	Z	Z	0	X	x	0	z	0	0	0
0	Z	Z	Z	0	Z	Y	0	y	Z	Z	Z
0	0	z	Z	0	X	x	0	z	Z	0	0
X	x	Z	Z	Y	X	x	0	z	Y	0	y
X	x	0	Z	0	X	x	0	z	0	z	0
X	x	Z	Z	0	X	x	0	z	Z	Z	0
z	0	Z	Z	0	X	x	0	z	Y	0	y
Z	0	Z	Z	0	X	x	0	z	z	X	x
z	z	Z	Z	0	X	x	0	z	z	0	Z
0	z	0	Z	0	X	x	0	z	Z	Y	X
0	y	Z	Z	0	X	x	0	z	z	z	0
Z	Z	Z	Z	0	X	x	0	z	z	z	z
X	x	0	Z	0	X	x	0	z	0	0	z
x	X	x	Z	0	X	x	0	z	Z	0	0
y	Z	Z	Z	0	X	x	0	z	z	0	0
x	y	Z	Z	0	0	z	0	z	Z	0	Y
x	y	z	Z	0	X	x	0	z	Z	Y	0
0	0	0	Z	0	X	x	0	z	Y	0	y
0	Z	Z	Z	0	X	x	0	z	Y	0	y
0	y	Z	Z	0	X	x	0	z	0	0	Z
0	0	Z	Z	0	0	z	0	z	Z	0	Z
0	0	Z	Z	0	X	x	X	x	Z	0	Y
z	0	Z	Z	0	X	x	0	z	z	Y	0
z	Z	Z	Z	0	X	x	0	z	z	0	0
Z	Y	X	x	0	X	x	0	z	Y	X	x
y	0	Z	Z	0	X	x	0	z	0	z	0
Z	Z	Z	Z	0	X	x	0	z	z	z	0
y	Z	Y	X	x	X	x	0	z	X	x	0
Z	0	Z	Z	0	X	x	0	z	X	x	y
0	Z	Z	Z	0	X	x	0	z	X	x	Y
x	y	Z	Z	0	X	x	0	z	X	x	Y
Z	Z	Z	Z	0	X	x	0	z	z	Y	X
z	z	Z	Z	0	X	x	0	Z	Z	Y	0
z	0	Z	Z	0	X	x	0	z	0	0	0
Z	Z	Z	Z	0	X	x	X	x	X	x	y
0	z	0	Z	0	X	x	0	z	Z	0	0
z	X	x	Z	0	X	x	0	z	Z	0	Z
Z	0	Z	Z	0	X	x	0	Z	Z	0	0
Z	0	Z	Z	0	X	x	0	z	Y	0	y
x	y	Z	Z	0	X	x	y	z	Z	0	Z
0	0	0	Z	0	X	x	0	z	0	0	Z
x	Z	0	Z	0	X	x	0	z	Y	0	y
z	0	Z	Z	0	X	x	0	z	z	X	x
Z	0	Z	Z	0	X	x	0	z	z	0	Y
y	z	Y	X	x	X	x	0	z	Z	Y	X
x	Z	Z	Z	0	X	x	0	z	0	0	z
z	Z	0	Z	0	X	x	0	z	Y	X	x
z	0	Y	X	x	X	x	0	z	Z	0	X
X	x	y	Z	0	X	x	0	z	0	z	0
z	z	Z	Z	0	X	x	0	z	Z	0	0
0	0	Z	Z	0	X	x	0	z	z	Z	Z
0	0	0	Z	0	X	x	0	z	z	0	0
x	0	0	Z	0	X	x	0	z	0	Y	0
z	Z	Z	Z	0	X	x	0	z	X	x	y
Z	0	Z	Z	0	X	x	X	x	X	x	y
0	0	Z	Z	0	X	x	0	z	z	z	z
0	0	0	Z	0	X	x	0	z	Y	0	y
x	0	Z	Z	0	X	x	0	z	z	z	z
Y	0	y	Z	0	X	x	0	z	Y	0	y
0	0	Z	Z	0	X	x	0	z	z	0	Y
0	y	Z	Z	0	0	z	0	z	Z	Y	0
z	0	Z	Z	0	X	x	0	z	z	z	Z
y	X	x	Z	0	X	x	0	z	0	z	0
0	z	0	Z	0	X	x	0	z	Y	0	y
0	Z	Z	Z	0	Z	Y	0	y	Z	Z	Z
0	y	0	Z	0	X	x	0	z	0	X	x
x	y	0	Z	0	X	x	0	z	0	Z	Y
Z	0	Z	Z	0	X	x	0	z	Y	0	y
y	Z	Z	Z	0	X	x	0	z	Z	0	Y
x	0	Z	Z	0	X	x	0	z	z	X	x
Z	0	Z	Z	0	X	x	0	z	z	Z	Z
0	Z	Z	Z	0	X	x	0	z	z	0	z
X	x	Z	Z	0	X	x	0	z	0	Z	0
x	0	Z	Z	0	X	x	0	z	0	0	X
Z	0	Z	Z	0	X	x	0	z	0	0	z
X	x	Z	Z	0	X	x	0	0	Z	Y	0
Z	Z	Z	Z	0	X	x	0	z	z	0	Z
0	0	X	x	0	X	x	0	z	0	X	x
z	X	x	Z	0	X	x	X	x	y	X	x
z	z	Z	Z	0	X	x	0	z	z	X	x
z	X	x	Z	0	X	x	0	z	z	z	X
0	X	x	Z	0	X	x	0	z	z	Z	0
y	z	z	Z	0	Z	Y	0	y	z	z	z
x	y	z	Z	0	X	x	0	z	z	0	Z
Y	X	x	Z	0	X	x	0	z	X	x	y
y	z	Z	Z	0	X	x	0	z	z	0	Y
Y	X	x	Z	0	X	x	0	z	0	X	x
x	Z	Z	Z	0	X	x	0	z	z	0	z
Z	0	Z	Z	0	X	x	0	z	z	0	z
0	X	x	Z	0	X	x	0	z	z	z	0
y	0	Z	Z	0	X	x	0	z	z	0	z
x	y	Z	Z	0	X	x	0	z	z	0	z
Z	0	Z	Z	0	X	x	0	z	z	z	Z
y	0	Z	Z	0	X	x	0	z	X	x	0
0	0	Z	Z	0	X	x	0	z	z	0	0
z	z	0	Z	0	X	x	0	z	z	0	z
z	z	Z	Z	0	X	x	0	z	z	z	z
x	y	0	Z	0	X	x	0	z	z	Z	0
z	0	z	Z	0	X	x	0	z	z	z	z
y	z	0	Z	0	X	x	0	z	z	z	X
0	X	x	Z	0	X	x	0	z	0	X	x
z	z	z	X	x	X	x	0	z	z	Z	0
y	0	Z	Z	0	X	x	0	z	0	0	0
0	0	z	Z	0	X	x	0	z	z	0	z
0	0	z	Z	0	X	x	0	z	Z	0	0
X	x	0	Z	0	X	x	0	z	0	z	0
0	0	z	Z	0	X	x	0	0	z	Z	Y
0	z	z	Y	0	y	z	0	z	z	0	0
0	y	z	Z	0	X	x	0	z	z	0	0
z	0	z	Z	0	X	x	0	z	z	z	X
Z	0	Z	Z	0	X	x	0	z	z	X	x
z	z	Z	Z	0	X	x	0	z	z	0	Z
z	X	x	Z	0	X	x	X	x	y	Y	0
y	Z	0	Z	0	X	x	0	z	z	z	Z
0	y	Z	Z	0	X	x	0	z	z	z	0
Z	Z	Z	Z	0	X	x	0	z	z	z	z
X	x	0	Z	0	X	x	0	z	0	0	z
x	X	x	Z	0	X	x	0	z	Z	0	0
y	Z	Z	Z	0	X	x	0	z	z	0	0
x	X	x	Z	0	X	x	0	z	z	Y	X
Y	0	y	X	x	X	x	0	z	z	X	x
x	y	z	Z	0	X	x	0	z	Z	Y	0
z	z	0	Z	0	X	x	0	z	z	Y	0
0	y	z	Z	0	X	x	0	z	z	z	Y
y	X	x	Z	0	X	x	X	x	y	z	z
X	x	y	Z	0	X	x	0	z	z	z	Z
0	X	x	Y	0	y	z	0	z	z	z	z
z	0	Z	Z	0	X	x	0	z	z	Y	0
z	Z	Z	Z	0	X	x	0	z	z	0	0
y	0	Z	Z	0	X	x	0	z	0	z	0
Z	Z	Z	Z	0	X	x	0	z	z	z	0
Y	0	y	Z	0	Z	Y	0	y	z	z	Y
0	0	z	Z	0	X	x	0	z	z	z	z
0	Z	Z	Z	0	X	x	0	z	X	x	Y
z	X	x	Z	0	X	x	0	z	z	z	0
Z	Z	Z	Z	0	X	x	0	z	z	Y	X
z	0	z	X	x	X	x	0	z	z	0	z
z	X	x	Z	0	X	x	0	z	Z	0	Z
0	0	0	Z	0	X	x	0	z	0	0	Z
z	0	Z	Z	0	X	x	0	z	z	X	x
Z	0	Z	Z	0	X	x	0	z	z	0	Y
0	z	0	Z	0	X	x	0	z	z	Y	0
0	0	z	Z	0	X	x	0	z	z	Z	Y
X	x	y	Z	0	X	x	0	z	0	z	0
0	X	x	Z	0	X	x	0	z	z	0	0
0	0	Z	Z	0	X	x	0	z	z	Z	Z
z	0	z	Y	0	y	z	0	z	z	0	Y
Y	0	y	Z	0	X	x	0	z	z	z	z
0	0	0	Z	0	X	x	0	z	z	0	0
x	0	0	Z	0	X	x	0	z	0	Y	0
Y	X	x	Z	0	X	x	X	x	y	z	Y
0	0	z	Y	0	y	z	0	z	z	Y	X
0	0	Z	Z	0	X	x	0	z	z	z	z
0	y	z	0	0	X	x	0	z	z	z	0
0	X	x	Z	0	X	x	0	z	z	z	0
x	y	z	Z	Y	X	x	0	z	z	Z	0
x	0	Z	Z	0	X	x	0	z	z	z	z
X	x	y	Z	0	X	x	X	x	y	Y	X
Y	0	y	Z	0	X	x	0	z	Y	0	y
0	0	Z	Z	0	X	x	0	z	z	0	Y
z	0	z	z	0	X	x	0	z	z	Z	Z
y	X	x	Z	0	0	z	0	z	z	Y	X
0	z	0	Z	0	X	x	0	z	z	0	z
z	0	Z	Z	0	X	x	0	z	z	z	Z
Z	Z	0	Z	0	X	x	0	z	z	0	z
z	X	x	Z	0	X	x	0	z	z	Z	0
y	X	x	Z	0	X	x	0	z	0	z	0
0	0	z	Z	0	Z	0	0	z	z	Z	0
0	y	0	Z	0	X	x	0	z	0	X	x
x	y	0	Z	0	X	x	0	z	0	Z	Y
x	0	Z	Z	0	X	x	0	z	z	X	x
Z	0	Z	Z	0	X	x	0	z	z	Z	Z
0	Z	Z	Z	0	X	x	0	z	z	0	z
X	x	Z	Z	0	X	x	0	z	0	Z	0
x	0	Z	Z	0	X	x	0	z	0	0	X
Y	0	y	Z	0	X	x	0	z	z	Z	Z
Y	0	y	Z	0	Z	Y	0	y	z	z	X
z	0	z	X	x	X	x	0	z	z	X	x
y	z	0	Z	0	X	x	0	z	z	Z	Z
y	0	z	Z	0	X	x	0	z	z	Z	0
Z	Z	Z	Z	0	X	x	0	z	z	0	Z
Z	Z	0	Z	0	X	x	0	z	z	X	x
Z	0	Z	Y	0	y	z	0	z	X	x	y
x	y	Z	Z	0	X	x	0	z	Z	0	0
z	0	Z	Z	0	X	x	0	z	z	0	X
Z	0	Z	0	0	X	x	0	z	Z	0	0
X	x	Z	Z	0	X	x	0	z	0	Z	Y
Z	Z	Z	Z	0	X	x	0	z	0	0	z
X	x	Z	Z	0	X	x	0	z	Z	0	0
0	0	Z	Z	0	0	z	0	z	Z	0	0
0	y	Z	Z	0	X	x	0	z	z	z	z
0	z	Z	Z	0	0	z	0	z	Z	0	Y
y	Z	Z	Z	0	X	x	0	z	X	x	y
0	Z	Z	Z	0	X	x	0	z	0	z	Z
z	z	Z	Z	0	X	x	0	z	X	x	0
0	Z	Z	Z	0	X	x	0	z	X	x	Y
Z	0	Z	Z	0	X	x	0	z	z	Y	0
0	0	z	Z	0	X	x	0	z	X	x	Z
0	0	Z	Z	0	X	x	0	z	0	0	Y
0	y	0	Z	0	X	x	0	z	z	X	x
0	z	Z	Z	0	X	x	0	0	Z	Z	0
z	z	Z	Z	0	X	x	0	z	z	0	Z
Z	Z	Z	Z	0	X	x	0	z	X	x	y
0	z	Z	Z	0	X	x	0	z	X	x	y
0	Z	Z	Z	0	X	x	0	z	0	0	0
0	z	Y	X	x	X	x	0	z	Z	0	0
x	Z	Z	Z	0	X	x	X	x	Z	0	X
y	0	z	Z	0	X	x	0	z	Z	Y	X
X	x	Z	Z	0	X	x	0	z	Z	Y	0
0	0	Z	Z	0	X	x	0	0	Z	Y	0
0	Z	0	Z	0	X	x	0	z	z	0	z
z	0	Z	Z	0	X	x	0	z	z	0	X
Z	0	0	Z	0	X	x	0	z	z	Z	Z
Y	X	x	Y	0	y	z	0	z	z	z	0
X	x	Z	Z	0	X	x	0	z	0	Z	Y
x	0	z	Z	0	X	x	0	z	z	0	0
0	y	z	Y	0	y	z	0	z	z	X	x
z	0	z	Z	0	X	x	0	z	z	0	z
Z	Z	0	Z	0	X	x	0	z	z	z	z
x	X	x	Z	0	X	x	0	z	z	z	0
X	x	Z	Z	0	X	x	0	z	Z	0	0
z	z	z	0	0	X	x	0	z	z	Z	0
0	y	Z	Z	0	X	x	0	z	z	z	z
Y	0	y	X	x	X	x	0	z	z	Z	Y
0	Z	Z	Z	0	X	x	0	z	X	x	Y
z	z	0	Z	0	X	x	0	z	z	z	Z
Z	0	Z	Z	0	X	x	0	z	z	Y	0
0	0	z	Z	0	X	x	0	z	X	x	Z
0	0	Z	Z	0	X	x	0	z	0	0	Y
0	y	0	Z	0	X	x	0	z	z	X	x
x	y	z	Z	0	X	x	0	z	z	Z	0
x	X	x	Z	0	X	x	0	0	z	X	x
z	z	Z	Z	0	X	x	0	z	z	0	Z
z	0	z	Z	0	X	x	0	z	z	z	Z
0	Z	Z	Z	0	X	x	0	z	0	0	0
Y	X	x	Z	0	Z	0	0	z	z	0	X
0	0	z	Z	0	X	x	X	x	y	Y	X
y	0	z	Z	0	X	x	0	z	Z	Y	X
Y	0	y	Z	0	Z	0	0	z	z	X	x
y	Z	Z	Z	0	X	x	0	z	Z	Y	X
z	0	Z	Z	Y	X	x	0	z	Z	0	Z
0	0	Z	Z	0	X	x	0	z	Z	Y	0
Z	Z	Y	X	x	X	x	0	z	Z	Z	Y
Z	Z	Z	Z	0	X	x	0	0	Y	X	x
X	x	Z	Z	0	X	x	0	z	Z	0	Z
X	x	Z	Z	0	X	x	X	x	Y	X	x
x	y	Z	Z	0	X	x	0	z	X	x	Y
x	0	0	Z	0	X	x	0	X	x	Y	0
x	0	z	Z	Y	X	x	0	z	z	0	0
0	z	z	Z	0	X	x	0	z	z	0	0
x	X	x	Z	0	X	x	0	z	z	z	Z
Y	X	x	Z	0	X	x	0	z	z	z	Y
x	X	x	Z	0	X	x	X	x	y	0	Z
0	0	z	z	0	X	x	0	z	z	z	z
0	Z	Z	Z	0	X	x	0	z	X	x	Z
z	Z	Z	Z	0	X	x	X	x	Y	X	x
z	X	x	Z	0	X	x	0	z	Z	0	X
y	0	z	Z	0	X	x	0	z	Y	0	y
Z	0	Z	Z	0	X	x	X	x	Z	0	Z
x	0	Z	Z	0	X	x	0	z	Z	0	0
X	x	Z	Z	0	X	x	0	z	0	Z	Z
x	Z	Z	Y	0	y	z	0	z	X	x	y
0	z	Z	Z	0	X	x	0	z	z	Z	0
X	x	Y	X	x	X	x	0	z	Z	Z	Z
Y	X	x	Z	0	X	x	0	z	X	x	Z
y	Z	Z	Z	0	X	x	0	z	Y	0	y
z	z	0	Z	0	X	x	0	z	X	x	X
y	z	Z	Z	0	X	x	0	z	z	X	x
y	z	Y	X	x	X	x	0	z	Z	0	Z
Z	0	Z	Z	0	X	x	0	z	z	0	Z
y	z	z	Z	0	X	x	0	z	Y	X	x
X	x	Z	Z	0	0	z	0	z	Z	Y	0
x	Z	Z	Z	0	X	x	0	z	Z	0	Z
Y	0	y	Z	0	X	x	0	z	Z	0	0
Z	Z	Z	Z	0	X	x	0	z	0	z	Y
0	z	Z	Z	0	X	x	0	z	Z	0	0
0	Z	Z	Z	0	X	x	0	z	X	x	y
z	0	z	Z	0	X	x	0	z	Y	0	y
z	0	z	Z	0	X	x	0	z	Y	0	y
z	X	x	Z	0	X	x	0	z	Z	0	X
y	0	z	Z	0	X	x	0	z	Y	0	y
x	0	Z	Z	0	X	x	0	z	Z	0	0
X	x	Z	Z	0	X	x	0	z	0	Z	Z
X	x	y	Y	0	y	z	0	z	z	X	x
y	X	x	Z	0	X	x	0	z	z	X	x
z	0	z	Z	0	X	x	0	z	z	X	x
0	z	Z	Z	0	X	x	0	z	z	Z	0
Z	Z	0	Z	0	X	x	0	z	z	0	z
Y	X	x	Z	0	X	x	0	z	X	x	Z
z	z	0	Z	0	X	x	0	z	X	x	X
y	z	Z	Z	0	X	x	0	z	z	X	x
Z	0	Z	Z	0	X	x	0	z	z	0	Z
y	z	z	Z	0	X	x	0	z	Y	X	x
Y	0	y	Z	0	X	x	0	z	Z	0	0
z	0	0	Z	0	X	x	0	z	z	0	z
0	z	z	Z	0	X	x	0	z	0	Z	Z
0	Z	Z	Z	0	X	x	0	z	X	x	y
0	0	z	Z	0	X	x	0	z	z	z	z
z	X	x	Z	0	X	x	X	x	y	0	0
Y	0	y	Z	0	X	x	0	z	z	z	z
z	0	z	Z	0	X	x	0	z	Y	0	y
z	0	z	Z	0	X	x	0	z	Y	0	y
y	0	z	Z	0	X	x	0	z	z	z	0
Z	0	0	Z	0	X	x	0	z	Z	0	X
0	z	Z	Z	0	X	x	X	x	X	x	Z
y	0	0	Z	0	X	x	0	z	z	X	x
0	0	Z	Z	0	X	x	X	x	Z	0	Z
x	Z	Z	Z	0	X	x	0	z	z	X	x
x	0	Z	Z	0	X	x	0	z	Z	0	Z
Z	0	Z	Z	0	X	x	0	z	Z	0	Z
0	Z	Z	Z	0	X	x	0	z	z	Y	X
0	y	Z	0	0	X	x	0	z	X	x	0
y	0	Z	Z	0	X	x	0	z	Z	Z	Y
Z	0	Z	Z	0	X	x	0	z	0	Y	0
X	x	Z	Z	0	X	x	X	x	Y	X	x
0	z	Z	Z	0	X	x	0	z	Z	Y	X
0	z	Z	Z	0	X	x	0	z	z	0	z
X	x	0	Z	0	X	x	0	z	Y	0	y
0	0	z	Z	0	X	x	0	z	0	0	z
y	0	0	Z	0	X	x	0	z	z	X	x
x	Z	Z	Z	0	X	x	0	z	z	X	x
x	y	0	Z	0	X	x	0	z	z	Z	Y
0	Z	Z	Z	0	X	x	0	z	z	Y	X
x	y	z	Z	0	0	z	0	z	z	0	Z
0	X	x	Z	0	X	x	X	x	y	0	z
0	z	Z	Z	0	X	x	0	z	z	0	z
