0	1	2	3	4	5	6	7	8	9	10	11	12	13	14
0	0	Z	Z	Z	0	0	z	Z	0	0	Y	0	y	Z
0	0	Z	Z	Z	0	0	z	Z	0	0	Y	0	y	Y
Z	0	Z	Z	Y	0	y	z	Z	0	0	Y	0	y	Y
0	0	z	Z	Z	0	0	z	Z	0	0	Y	0	y	X
Y	0	y	Z	Y	0	y	z	Z	0	0	Y	0	y	Y
Y	0	y	Z	Y	0	y	z	Z	0	0	Y	0	y	Z
Z	0	Z	Z	Z	0	0	z	Z	0	0	Y	0	y	z
Z	0	Z	Z	Y	0	y	z	Z	0	0	Z	0	0	Z
Y	0	y	Z	Z	0	0	z	Z	0	0	Y	0	y	Y
Y	0	y	Z	Z	0	0	z	Z	0	0	Y	0	y	z
Y	0	y	Z	Y	0	y	z	Z	0	0	Y	0	y	z
Y	0	y	Z	Y	0	y	z	Z	0	0	Y	0	y	z
Y	0	y	Z	Y	0	y	z	Z	0	0	Y	0	y	z
Y	0	y	Z	Z	0	0	z	Z	0	0	Y	0	y	z
Y	0	y	Z	Z	0	0	z	Z	0	0	Y	0	y	z
0	0	Z	Z	Z	0	0	z	Z	0	0	Y	0	y	0
0	z	Z	Z	Z	0	0	z	Z	0	0	Y	0	y	X
Z	0	0	Z	Z	0	0	z	Z	0	0	Y	0	y	z
Z	0	Z	Z	Z	0	0	z	Z	0	0	Y	0	y	0
Y	0	y	Z	Y	0	y	z	Z	0	0	Y	0	y	0
0	y	Z	Z	0	0	z	z	Z	0	0	Z	0	0	Y
0	X	x	Z	Z	0	0	z	Z	0	0	Y	0	y	Y
Y	0	y	Z	Y	0	y	z	Z	0	0	Y	0	y	0
Y	0	y	Z	Z	0	0	z	Z	0	0	Y	0	y	0
Y	0	y	Z	Z	0	0	z	Z	0	0	Y	0	y	0
Y	0	y	Z	Z	0	0	z	Z	0	0	Y	0	y	0
Y	X	x	Z	Z	0	0	z	Z	0	0	Y	0	y	Y
Y	X	x	Z	Z	0	0	z	Z	0	0	Y	0	y	Y
0	X	x	Z	Z	0	0	z	Z	0	0	Y	0	y	z
z	Z	Z	Z	Y	0	y	z	Z	0	0	Z	0	0	z
Z	Z	Z	Z	Z	0	0	z	Z	0	0	Y	0	y	z
0	0	Z	Z	Y	0	y	z	Z	0	0	Z	0	0	Y
0	0	Z	Z	Z	0	0	z	Z	0	0	Y	0	y	Z
Z	0	Z	Z	Z	0	0	z	Z	0	0	Y	0	y	X
0	0	Z	Z	0	0	0	z	Z	0	0	Y	0	y	Y
Y	0	y	Z	Z	0	0	z	Z	0	0	Z	0	0	Y
0	0	Z	Z	0	0	z	z	Z	0	0	Y	0	y	Z
Z	0	Z	Z	Y	0	y	z	Z	0	0	Z	0	0	z
0	z	0	Z	Y	0	y	z	Z	0	0	Y	0	y	Y
Z	0	Z	Z	0	0	z	z	Z	0	0	Y	0	y	Y
Y	0	y	Z	Y	0	y	z	Z	0	0	Z	0	0	z
Z	0	0	Z	Y	0	y	z	Z	0	0	Y	0	y	0
Y	0	y	Z	Y	0	y	z	Z	0	0	Z	0	0	z
0	0	z	Z	Z	0	0	z	0	0	0	Y	0	y	Z
0	Z	Z	Z	Z	0	0	z	Z	0	0	Y	0	y	0
Z	Z	0	Z	Y	0	y	z	Z	0	0	Y	0	y	Y
0	Z	Z	Z	Y	0	y	z	Z	0	0	Y	0	y	0
Y	0	y	Z	Z	0	0	z	0	0	0	Y	0	y	Y
Z	Z	Z	Z	Z	0	0	z	Z	0	0	Y	0	y	0
Y	0	y	Z	Y	0	y	z	0	0	0	Y	0	y	z
z	0	0	Z	Y	0	y	z	Z	0	0	Y	0	y	z
Y	0	y	Z	Z	0	0	z	0	0	0	Y	0	y	z
Y	0	y	Z	Y	0	y	z	Z	0	0	Y	0	y	Z
Z	0	Z	Z	Z	0	0	z	Z	0	0	Y	0	y	z
Y	0	y	Z	Y	0	y	z	Z	0	0	Y	0	y	Y
Y	0	y	Z	Z	0	0	z	Z	0	0	Y	0	y	X
0	0	z	Z	Z	Y	0	y	Z	0	0	Y	0	y	Z
Y	0	y	Z	Z	0	0	z	Z	0	0	Y	0	y	Z
Y	0	y	Z	Z	0	0	z	Z	0	0	Y	0	y	Z
Y	0	y	Z	Z	0	0	z	Z	0	0	Y	0	y	Z
Y	0	y	Z	Z	0	0	z	Z	0	0	Y	0	y	Z
Y	X	x	Z	Y	0	y	z	Z	0	0	Y	0	y	0
Y	0	y	Z	Z	0	0	z	Z	0	0	Y	0	y	Y
0	0	Z	Z	Y	0	y	z	Z	0	0	Z	0	0	0
Y	0	y	Z	Z	0	0	z	Z	0	0	Y	0	y	z
Z	0	Z	Z	Z	0	0	z	Z	0	0	Y	0	y	0
0	y	Z	Z	Y	0	y	z	Z	0	0	Z	0	0	z
0	Z	Z	Z	Z	0	0	z	Z	0	0	Z	0	0	z
Y	0	y	Z	Y	0	y	z	Z	0	0	Y	0	y	0
Y	0	y	Z	Z	0	0	z	Z	0	0	Z	0	0	0
0	0	Z	Z	0	0	z	z	Z	0	0	Y	0	y	0
Y	0	y	Z	Z	0	0	z	Z	0	0	Y	0	y	0
0	0	Z	Z	0	0	z	z	Z	0	0	Y	0	y	0
Y	0	y	Z	Y	0	y	z	Z	0	0	Z	0	0	0
Y	0	y	Z	Z	0	0	z	Z	0	0	Z	0	0	0
0	z	Z	Z	0	0	0	z	Z	0	0	Y	0	y	Y
Z	0	0	Z	Z	0	0	z	0	0	0	Y	0	y	X
Z	0	Z	Z	0	0	z	z	Z	0	0	Y	0	y	0
0	Z	Z	Z	0	0	z	z	Z	0	0	Y	0	y	Z
Z	Z	Z	Z	Y	0	y	z	Z	0	0	Z	0	0	z
0	z	Z	Z	0	0	0	z	Z	0	0	Y	0	y	Y
0	z	Z	Z	0	0	z	z	Z	0	0	Y	0	y	Z
0	z	Z	Z	0	0	z	z	Z	0	0	Y	0	y	Z
Z	0	Z	Z	Z	0	0	z	Z	0	0	Z	0	0	Z
Y	0	y	Z	Z	0	0	z	Z	0	0	Z	0	0	Z
y	z	Z	Z	Y	0	y	z	Z	0	0	Y	0	y	X
Y	0	y	Z	0	0	0	z	Z	0	0	Y	0	y	0
0	z	Z	Z	0	0	z	z	Z	0	0	Y	0	y	z
0	0	Z	Z	Z	0	0	z	Z	0	0	Y	0	y	0
Y	0	y	Z	Y	0	y	z	0	0	0	Y	0	y	0
0	y	Z	Z	Z	0	0	z	Z	0	0	Y	0	y	X
z	0	Z	Z	0	0	0	z	Z	0	0	Z	Y	0	y
0	Z	Z	Z	Z	0	0	z	Z	0	0	Y	0	y	Y
z	z	Z	Z	Y	0	y	z	Z	0	0	Y	0	y	z
Y	X	x	Z	Z	0	0	z	0	0	0	Y	0	y	X
Y	0	y	Z	Z	0	0	z	Z	0	0	Z	0	0	Y
z	z	0	Z	Y	0	y	z	Z	0	0	Y	X	x	X
0	0	Z	Z	Z	0	0	z	Z	0	0	Y	X	x	Z
Z	0	Z	Z	0	0	z	z	Z	0	0	Y	0	y	Y
Z	0	Z	Z	0	0	0	z	Z	0	0	Y	0	y	Y
Z	0	Z	Z	0	0	z	z	Z	0	0	Y	0	y	Z
Z	0	Z	Z	0	0	z	z	Z	0	0	Z	0	0	Z
Z	0	0	Z	Z	0	0	z	Z	0	0	Y	0	y	0
Z	0	Z	Z	0	0	0	z	Z	0	0	Y	0	y	z
Z	0	Z	Z	Z	Y	0	y	Z	0	0	Y	0	y	Z
Y	0	y	Z	0	0	z	z	Z	0	0	Y	0	y	z
0	y	0	Z	0	0	0	z	Z	0	0	Y	0	y	Z
Z	0	Z	Z	0	0	z	z	Z	0	0	Z	Z	0	Z
Y	0	y	Z	Y	X	x	y	Z	0	0	Y	0	y	Z
Y	0	y	Z	Y	0	y	z	Z	0	0	Y	X	x	Z
Y	0	y	Z	Z	Y	0	y	Z	0	0	Y	0	y	Z
0	0	z	Z	Z	Y	0	y	Z	0	0	Y	0	y	z
Z	0	0	Z	0	0	0	z	Z	0	0	Y	0	y	0
0	0	Z	Z	0	0	0	z	Z	0	0	Y	0	y	Y
Y	0	y	Z	Z	Y	0	y	Z	0	0	Y	0	y	Y
Z	Z	0	Z	0	0	0	z	Z	0	0	Y	0	y	Z
Y	0	y	Z	Z	0	0	z	Z	0	0	Y	X	x	y
Z	0	0	Z	Z	0	0	z	0	0	0	Y	0	y	0
y	0	z	Z	0	0	0	z	Z	0	0	Y	0	y	Y
Y	0	y	Z	Z	Y	0	y	Z	0	0	Y	0	y	z
0	0	z	Z	Z	0	0	z	Z	0	0	Z	0	0	z
Y	0	y	Z	Y	0	y	z	Z	0	0	Y	X	x	y
Y	0	y	Z	Z	Y	0	y	Z	0	0	Y	0	y	z
0	z	Z	Z	0	0	z	z	Z	0	0	Y	0	y	0
Y	0	y	Z	Z	Y	0	y	Z	0	0	Y	0	y	z
Z	0	Z	Z	0	0	0	z	Z	0	0	Y	0	y	Z
Y	0	y	Z	Z	0	0	z	Z	0	0	Z	0	0	Y
0	0	Z	Z	0	0	0	z	Z	0	0	Y	0	y	z
Y	0	y	Z	Z	Y	0	y	Z	0	0	Y	0	y	z
Z	0	Z	Z	0	0	z	z	Z	0	0	Y	0	y	Z
0	0	z	Z	Z	0	0	z	Z	0	0	Y	0	y	0
Z	Z	0	Z	0	0	0	z	Z	0	0	Y	0	y	z
0	0	z	Z	Z	0	0	z	Z	0	0	Y	0	y	0
z	0	Z	Z	Z	0	0	z	0	0	0	Y	0	y	z
Y	0	y	Z	0	0	0	z	Z	0	0	Y	0	y	Z
Y	0	y	Z	Z	0	0	z	Z	0	0	Z	0	0	z
0	0	z	Z	Z	0	0	z	Z	0	0	Y	0	y	0
z	Z	0	Z	Z	0	0	z	Z	0	0	Y	0	y	z
Y	0	y	Z	Y	0	y	z	Z	0	0	Y	0	y	0
Y	0	y	Z	Z	0	0	z	Z	0	0	Y	0	y	0
Y	0	y	Z	Y	0	y	z	Z	0	0	Y	0	y	0
0	Z	Z	Z	Z	0	0	z	Z	0	0	Y	0	y	Z
Y	0	y	Z	Z	0	0	z	Z	0	0	Z	0	Z	Z
Y	0	y	Z	Y	0	y	z	0	0	0	Y	0	y	z
0	Z	Z	Z	Y	0	y	z	Z	0	0	Y	0	y	z
Z	0	Z	Z	0	0	z	z	Z	0	0	Y	0	y	0
Y	0	y	Z	Z	0	0	z	0	0	0	Y	0	y	z
0	0	Z	Z	Z	0	0	z	Z	0	0	Y	X	x	0
0	0	Z	Z	Y	0	y	0	0	0	0	Y	0	y	Z
0	0	Z	Z	Z	0	0	z	0	0	0	Z	0	0	0
0	0	Z	Z	Z	Y	0	y	Z	0	0	Y	0	y	0
Z	0	Z	Z	0	0	0	z	Z	0	0	Y	0	y	0
0	0	0	Z	Z	0	0	z	0	0	0	Z	0	0	z
x	Z	Z	Z	Z	0	0	z	Z	0	0	Z	0	0	Y
Z	0	0	Z	Z	0	0	z	Z	0	0	Y	X	x	y
Z	Z	0	Z	Y	0	y	z	Z	0	0	Z	0	0	0
z	0	z	Z	Z	0	0	z	Z	0	0	Y	0	y	0
0	Z	Z	Z	Z	0	0	z	Z	0	0	Y	X	x	Z
0	0	0	Z	Y	X	x	0	Z	0	0	Z	0	0	Z
Y	0	y	Z	0	0	0	z	Z	0	0	Z	0	0	0
0	z	Z	Z	Y	0	y	z	Z	0	0	Y	X	x	Y
Z	0	0	Z	Z	0	0	z	0	0	0	Z	0	0	z
Z	0	Z	Z	Y	0	y	z	Z	0	0	Y	X	x	0
0	0	z	Z	Z	0	0	z	0	0	0	Z	0	0	0
X	x	Z	Z	Z	Y	0	y	Z	0	0	Y	0	y	Z
X	x	Z	Z	Y	X	x	y	Z	0	0	Y	0	y	Z
0	z	Z	Z	Z	0	0	z	Z	0	0	Z	0	0	z
Y	0	y	Z	Y	X	x	y	Z	0	0	Y	0	y	0
0	z	0	Z	0	0	z	z	Z	0	0	Y	0	y	0
0	0	Z	Z	0	0	z	z	Z	0	0	Y	0	y	0
0	Z	Z	Z	0	0	z	z	Z	0	0	Y	0	y	Y
0	z	Z	Z	0	0	z	z	0	0	0	Y	0	y	Y
0	z	0	Z	0	0	z	z	0	0	0	Y	0	y	Z
0	z	Z	Z	0	0	0	z	Z	0	0	Y	0	y	Y
0	0	z	Z	Z	0	0	z	z	0	0	Z	0	0	Z
Y	0	y	Z	0	0	0	z	Z	0	0	Z	0	0	z
Y	0	y	Z	0	0	0	z	Z	0	0	Y	0	y	0
0	0	Z	Z	Z	Y	0	y	Z	0	0	Z	Z	0	0
0	0	Z	Z	Y	0	y	z	Z	0	0	Z	Z	0	Y
Y	X	x	Z	Z	0	0	z	Z	0	0	Y	X	x	y
Z	Z	Z	Z	0	0	0	z	Z	0	0	Y	0	y	X
X	x	y	Z	Z	Y	0	y	Z	0	0	Y	0	y	z
Y	0	y	Z	Y	0	y	z	X	x	0	Y	0	y	Y
Z	Z	Z	Z	0	0	0	z	0	0	0	Y	0	y	Z
Y	0	y	Z	Z	0	0	z	0	0	0	Z	0	0	Y
0	z	Z	Z	0	0	0	z	Z	0	0	Y	0	y	z
0	z	Z	Z	0	0	z	z	0	0	0	Y	0	y	z
0	0	Z	Z	0	0	z	z	Z	0	0	Z	0	0	z
x	X	x	Z	Y	0	y	z	0	0	0	Y	0	y	Y
X	x	Z	Z	0	0	0	z	Z	0	0	Y	0	y	z
y	z	Z	Z	Y	0	y	z	Z	0	0	Y	0	y	Y
X	x	Z	Z	0	0	0	z	Z	0	0	Y	0	y	z
Z	0	Z	Z	Z	Y	0	y	Z	0	0	Z	0	0	Y
z	z	Z	Z	Y	0	y	z	Z	0	0	Y	0	y	Y
0	0	z	Z	Z	0	0	z	Z	0	0	Z	Z	0	Y
0	0	Z	Z	Y	X	x	y	Z	0	0	Z	0	0	z
x	Z	Z	Z	Z	0	0	z	Z	0	0	Z	0	Z	Z
0	z	Z	Z	0	0	0	z	Z	0	0	Y	0	y	z
0	0	Z	Z	Y	0	y	z	Z	0	0	Z	Y	0	y
0	0	z	Z	Z	Y	0	y	Z	0	0	Z	0	0	z
0	0	z	Z	Z	Y	0	y	Z	0	0	Z	0	0	z
Y	0	y	Z	Y	0	y	z	Z	0	0	Z	0	Z	0
0	0	z	Z	Z	0	0	z	Z	0	0	Z	Y	0	y
Y	0	y	Z	Z	Y	0	y	Z	0	0	Z	0	0	Z
0	0	Z	Z	0	0	0	z	Z	0	0	Z	0	0	X
Y	0	y	Z	Y	0	y	z	Z	0	0	Z	0	Y	0
0	0	Z	Z	Y	0	y	z	Z	0	0	Y	0	y	0
0	Z	0	Z	Z	0	0	z	Z	0	0	Y	X	x	X
0	0	Z	Z	0	0	0	z	0	0	0	Z	0	0	z
0	z	0	Z	0	0	z	z	Z	0	0	Z	0	0	z
Z	0	Z	Z	0	0	0	z	Z	0	0	Y	X	x	Z
0	z	0	Z	0	0	z	z	Z	0	0	Z	0	0	z
Y	0	y	Z	Z	0	0	z	Z	0	0	Z	Y	0	y
Z	0	Z	Z	0	0	z	z	Z	0	0	Y	X	x	Y
0	z	0	Z	Y	0	y	z	Z	0	0	Z	0	0	Y
Z	Z	0	Z	Y	X	x	y	Z	0	0	Y	0	y	Z
0	0	Z	Z	0	0	z	z	Z	0	0	Y	0	y	z
0	0	Z	Z	Z	Y	0	y	Z	0	0	Y	0	y	Y
z	0	z	Z	0	0	0	z	Z	0	0	Y	0	y	z
0	0	z	Z	Z	0	0	z	0	0	0	Y	X	x	Z
0	Z	Z	Z	0	0	z	z	Z	0	0	Z	0	0	Z
0	z	Z	Z	Y	0	y	z	Z	0	0	Z	0	0	0
0	z	Z	Z	0	0	0	z	Z	0	0	Z	0	0	Z
Z	0	Z	Z	Y	X	x	y	0	0	0	Y	0	y	z
Z	0	0	Z	0	0	0	z	Z	0	0	Y	0	y	0
0	z	0	Z	0	0	z	z	0	0	0	Y	0	y	z
Y	0	y	Z	Z	Y	0	y	0	0	0	Y	0	y	z
Y	0	y	Z	Z	Y	0	y	Z	0	0	Y	0	y	Z
Y	0	y	Z	Z	Y	0	y	Z	0	0	Y	0	y	Z
Y	0	y	Z	Z	Y	0	y	Z	0	0	Y	0	y	Z
0	0	z	Z	0	0	z	z	Z	0	0	Y	0	y	0
Y	0	y	Z	Y	X	x	y	Z	0	0	Y	0	y	Z
0	z	z	Z	Y	0	y	0	Z	0	0	Z	Z	0	Z
Y	0	y	Z	Z	Y	0	y	Z	0	0	Y	0	y	Z
Y	0	y	Z	Z	Y	0	y	Z	0	0	Y	0	y	Z
Y	0	y	Z	Z	Y	0	y	Z	0	0	Y	0	y	Z
y	0	Z	Z	Z	0	0	z	Z	0	0	Y	0	y	0
Z	0	Z	Z	0	0	0	z	0	0	0	Y	0	y	Y
Y	0	y	Z	Z	Y	0	y	0	0	0	Y	0	y	z
Y	0	y	Z	Z	Y	0	y	Z	0	0	Y	0	y	Z
Y	0	y	Z	Z	0	0	z	0	0	0	Z	0	0	z
Y	0	y	Z	0	0	z	z	Z	0	0	Y	0	y	0
Z	0	0	Z	0	0	z	z	Z	0	0	Z	0	0	z
0	X	x	Z	Z	0	0	z	0	0	0	Z	0	0	Y
Z	0	Z	Z	0	0	z	z	0	0	0	Y	0	y	z
0	z	Z	Z	0	0	z	z	Z	0	0	Y	0	y	0
Y	0	y	Z	Y	0	y	z	X	x	0	Y	0	y	0
Y	0	y	Z	Y	0	y	z	0	0	0	Z	0	0	z
0	z	Z	Z	0	0	z	z	Z	0	0	Y	0	y	X
0	0	Z	Z	Y	0	y	z	Z	0	0	Z	0	0	0
0	Z	Z	Z	Z	Y	0	y	Z	0	0	Z	0	0	Y
Z	0	Z	Z	Y	0	y	z	Z	0	0	Y	0	y	0
Y	0	y	Z	Z	0	0	z	Z	0	0	Z	Z	0	0
Y	0	y	Z	Y	0	y	z	Z	0	0	Z	Z	0	0
0	Z	Z	Z	Y	0	y	z	0	0	0	Y	0	y	Y
0	0	0	Z	Y	X	x	y	0	0	0	Y	0	y	Z
Y	0	y	Z	Z	0	0	0	Z	0	0	Y	0	y	0
Y	0	y	0	Y	0	y	z	Z	Z	0	Z	0	0	z
0	y	0	Z	Z	0	0	z	Z	0	0	Y	X	x	0
0	z	z	Z	Z	Y	0	y	Z	0	0	Z	0	0	z
X	x	Y	X	x	0	0	z	Z	0	0	Y	0	y	Y
z	0	Z	Z	Z	0	0	z	Z	0	0	Y	X	x	0
0	X	x	Z	Z	0	0	z	Z	0	0	Z	Y	0	y
0	z	Z	Z	0	0	z	z	Z	0	0	Y	X	x	Y
Y	X	x	Z	Z	Y	0	y	Z	0	0	Z	0	0	Z
0	0	Z	Z	0	0	z	z	Z	0	0	Z	0	0	0
0	0	z	Z	0	0	z	z	Z	0	0	Y	0	y	0
0	0	z	Z	Y	0	y	z	0	0	0	Y	X	x	0
Y	X	x	Z	Z	0	0	z	Z	0	0	Z	Y	0	y
0	Z	Z	Z	Y	0	y	z	z	Z	0	Y	0	y	z
0	y	Z	Z	0	0	z	z	Z	0	0	Y	X	x	y
z	Z	Z	Z	0	0	0	z	Z	0	0	Z	0	0	z
0	y	z	Z	0	Y	0	y	Z	0	0	Y	0	y	Y
0	0	Z	Z	0	0	0	z	Z	0	0	Y	0	y	Z
Y	0	y	Z	0	0	0	z	0	0	0	Z	0	0	0
Z	Z	Z	Z	0	0	z	z	Z	0	0	Y	X	x	Z
0	z	Z	Z	0	0	z	z	Z	0	0	Y	X	x	y
Z	Z	0	Z	Z	Y	0	y	Z	0	0	Y	0	y	0
X	x	Z	Z	Z	Y	0	y	0	0	0	Y	0	y	Y
y	z	Z	Z	Z	Y	0	y	Z	0	0	Y	0	y	z
X	x	0	Z	0	0	z	z	Z	0	0	Z	0	0	X
Z	0	Z	Z	Z	0	0	z	0	0	0	Y	0	y	0
0	z	Z	Z	0	0	z	z	Z	0	0	Z	0	0	z
Z	Z	Z	Z	0	0	0	z	0	0	0	Z	0	0	z
Y	0	y	Z	Z	Y	0	y	Z	0	0	Y	0	y	0
0	0	Z	Z	Z	Y	0	y	z	0	0	Y	0	y	z
Y	0	y	Z	Z	Y	0	y	Z	0	0	Y	0	y	0
Y	0	y	Z	Z	Y	0	y	Z	0	0	Y	0	y	0
0	X	x	Z	Z	0	0	z	0	0	0	Y	X	x	y
0	0	z	Z	0	0	z	z	0	0	0	Y	0	y	0
Y	X	x	Z	0	0	0	z	Z	0	0	Y	X	x	y
0	0	Z	Z	0	0	z	0	Z	0	0	Y	0	y	Z
0	y	Z	Z	0	0	z	z	Z	0	0	Y	0	y	0
Z	0	Z	Z	0	0	z	z	Z	0	0	Y	0	y	0
Z	Z	Z	Z	0	0	z	z	Z	Z	0	Y	0	y	Y
0	0	z	Z	Y	0	y	z	Z	0	0	Z	0	0	0
z	Z	Z	Z	0	0	0	z	Z	0	0	Y	0	y	Y
X	x	Z	Z	0	0	z	z	Z	0	0	Y	0	y	0
y	z	Z	Z	Z	0	0	z	Z	0	0	Y	0	y	0
y	0	0	Z	Z	0	0	z	Z	0	0	Z	Y	0	y
Z	0	Y	X	x	0	z	z	Z	0	0	Y	0	y	z
x	0	Z	Z	Z	0	0	z	Z	0	0	Z	Z	0	Z
x	X	x	Z	0	0	z	z	Z	0	0	Y	0	y	X
0	0	z	Z	Y	0	y	z	z	0	0	Y	X	x	y
0	z	Z	Z	0	0	z	z	Z	0	0	Z	0	Z	Y
Y	0	y	Z	0	0	0	z	0	0	0	Y	0	y	0
x	y	z	Z	0	0	z	z	Z	0	0	Y	0	y	Z
Z	0	Z	Z	0	0	z	z	Z	0	0	Z	0	0	z
0	z	z	0	0	0	0	z	Z	0	0	Y	0	y	Z
Z	Z	Z	Z	0	0	z	z	Z	0	0	Z	0	Y	X
y	0	z	Z	Z	0	0	z	Z	0	0	Y	X	x	Z
y	0	z	Z	Y	X	x	y	Z	0	0	Y	0	y	Y
Z	Z	0	Z	Y	0	y	z	Z	0	0	Z	Z	0	Z
Z	0	Z	Z	0	0	z	z	Z	0	0	Z	Y	0	y
Z	Z	0	Z	Y	0	y	0	Z	0	0	Y	0	y	z
0	0	Z	Z	Y	0	y	z	Z	0	0	Z	0	Z	Y
Y	0	y	Z	Z	0	0	z	0	0	0	Z	0	Z	0
Y	0	y	Z	Y	X	x	y	0	0	0	Z	0	0	Y
Z	0	Z	Z	Y	0	y	z	0	0	0	Z	Y	0	y
Y	0	y	Z	Y	0	y	z	0	0	0	Z	0	0	z
z	X	x	Z	Z	0	0	z	Z	0	0	Z	0	Z	Z
y	0	z	Z	Z	0	0	z	0	0	0	Z	0	0	z
Y	0	y	Z	Y	X	x	y	Z	0	0	Y	X	x	y
y	Z	Z	Z	0	0	0	z	Z	0	0	Z	0	0	0
0	z	0	Z	0	0	z	z	Z	0	0	Y	X	x	y
Z	0	Z	Z	0	0	z	z	Z	0	0	Z	0	Z	Z
X	x	y	Z	0	0	0	z	Z	0	0	Y	0	y	0
0	y	Z	Z	0	0	0	z	Z	0	0	Z	0	0	0
0	Z	0	Z	Z	Y	0	y	0	0	0	Y	0	y	z
0	0	Z	Z	0	0	z	z	0	0	0	Y	0	y	z
Z	0	Z	Z	Z	0	0	z	Z	0	0	Y	X	x	0
0	0	z	Z	Z	0	0	z	0	0	0	Z	0	0	0
X	x	0	Z	0	0	0	z	0	0	0	Z	0	0	z
Z	0	Z	Z	Z	Y	0	y	Z	0	0	Y	0	y	0
Z	0	Z	Z	Z	0	0	z	Z	0	Z	Z	0	0	z
Y	0	y	Z	Z	Y	0	y	Z	0	0	Z	Z	0	Y
0	0	z	Z	Z	0	0	z	Z	0	0	Z	0	0	0
Z	0	Z	Z	Z	Y	0	y	Z	0	0	Z	0	Z	Y
0	0	Z	Z	Z	Y	0	y	Z	0	0	Z	0	X	x
Y	0	y	Z	Y	X	x	y	Z	0	0	Y	0	y	0
0	0	z	Z	Z	0	0	z	Z	0	0	Z	Z	Z	Z
Y	0	y	X	x	0	0	z	Z	0	0	Y	0	y	z
Y	X	x	Z	Z	0	0	z	X	x	0	Z	0	0	z
0	Z	Z	Z	Y	0	y	0	Z	0	0	Z	0	0	z
Y	0	y	Z	Z	Y	0	y	0	0	0	Y	0	y	Z
Y	0	y	Z	0	0	0	z	0	0	0	Y	0	y	z
z	Z	0	Z	Z	0	0	z	Z	0	0	Y	0	y	0
0	y	Z	Z	Z	Y	0	y	Z	0	0	Y	0	y	z
0	0	z	0	0	0	z	z	Z	0	0	Y	0	y	Y
Y	0	y	Z	Z	0	0	z	0	z	0	Y	0	y	0
0	z	Z	Z	0	0	0	z	Z	0	0	Y	0	y	0
Y	0	y	Z	Z	0	0	z	0	z	0	Y	0	y	0
0	0	z	Z	0	Y	0	y	Z	0	0	Y	0	y	0
0	z	Z	Z	0	0	z	z	Z	0	0	Z	Z	0	Y
0	z	Z	Z	0	0	0	z	Z	0	0	Z	Z	0	Z
y	0	z	Z	0	0	z	z	Z	0	0	Z	0	0	0
0	z	Z	Z	0	0	0	z	Z	0	0	Z	0	0	z
z	z	z	Z	0	0	0	z	Z	0	0	Z	0	0	z
0	z	z	Z	Z	Y	0	y	Z	0	0	Y	0	y	z
x	Z	0	Z	Y	0	y	z	Z	Z	0	Y	0	y	0
Y	0	y	Z	0	0	0	z	Z	0	0	Y	X	x	0
0	Z	Z	Z	Z	0	0	z	Z	0	0	Z	0	0	z
0	0	Z	Z	Z	0	0	0	Z	0	0	Y	0	y	0
z	Z	Z	Z	Y	X	x	y	Z	0	0	Z	0	0	Y
z	Z	Z	Z	Z	0	0	z	Z	0	0	Z	Z	0	Y
z	0	z	Z	Y	0	y	z	Z	0	0	Y	0	y	0
Y	X	x	Z	0	0	z	z	0	0	0	Y	0	y	0
X	x	Z	Z	0	0	0	z	Z	0	0	Z	Y	0	y
Y	0	y	Z	Y	X	x	y	Z	0	0	Y	X	x	0
X	x	Z	Z	Y	X	x	y	Z	0	0	Y	X	x	Z
0	0	z	Z	0	0	z	z	Z	0	0	Z	Z	0	Z
z	0	Z	Z	0	0	z	z	Z	0	0	Y	X	x	0
z	0	z	0	Z	0	0	z	Z	0	0	Y	0	y	Y
0	Z	Z	Z	Y	0	y	z	Z	0	0	Z	0	Y	0
Z	Z	0	Z	Z	0	0	z	0	0	0	Z	0	X	x
Y	0	y	Z	Z	0	0	z	Z	0	0	Z	0	Z	0
0	z	z	Z	0	0	z	z	Z	0	0	Z	Y	0	y
0	z	Z	Z	Z	0	0	0	Z	0	0	Y	0	y	z
0	0	z	Z	0	0	0	z	Z	0	0	Z	0	0	0
0	0	z	Z	Z	Y	0	y	Z	0	0	Z	0	0	z
0	z	Z	Z	0	0	z	z	0	0	0	Y	X	x	y
0	0	Z	Z	0	0	z	z	Z	0	0	Z	Y	0	y
0	y	Z	Z	Y	0	y	z	Z	0	0	Y	X	x	0
Y	0	y	Z	Y	X	x	y	X	x	0	Y	0	y	Y
0	0	Z	Z	Z	Z	0	0	Z	0	0	Y	0	y	Y
0	z	Z	Z	Y	0	y	z	Z	0	0	Z	Z	Y	0
0	y	0	Z	Z	Y	0	y	Z	0	0	Y	0	y	0
Y	0	y	Z	Z	Y	0	y	X	x	0	Y	0	y	Y
Z	0	Z	Z	0	0	z	z	Z	0	0	Z	Z	0	Z
0	Z	0	Z	Z	Y	0	y	Z	0	0	Y	0	y	0
Z	Z	0	Z	Z	Y	0	y	Z	0	0	Y	0	y	0
Z	0	Z	Z	0	0	z	0	Z	0	0	Z	0	0	z
x	y	Z	Z	Y	X	x	y	Z	0	0	Y	0	y	Y
z	0	z	Z	Z	Y	0	y	Z	0	0	Z	0	0	Y
Z	0	0	Z	Y	0	y	z	0	z	0	Y	0	y	0
0	0	Z	Z	Y	0	y	z	X	x	0	Y	0	y	0
0	0	z	Z	Z	0	0	z	Z	0	0	Z	Z	Z	0
Z	0	Z	Z	0	0	z	z	Z	0	0	Z	Y	0	y
Z	0	Z	Z	0	0	0	z	Z	0	0	Z	Y	0	y
Z	0	Z	Z	Z	Y	0	y	Z	0	0	Z	0	Y	0
x	0	z	Z	Z	Y	0	y	Z	0	0	Z	0	0	z
Y	0	y	Z	Z	0	0	z	Z	0	0	Z	Z	Z	0
0	Z	Z	Z	Z	0	0	z	Z	0	0	Z	Y	X	x
Y	0	y	Z	Y	X	x	y	Z	0	0	Z	0	Y	0
Y	0	y	Z	Z	Z	0	0	Z	0	0	Y	0	y	Y
z	Z	0	Z	Z	0	0	z	X	x	0	Y	0	y	z
Z	0	0	Z	Z	0	0	z	Z	0	0	Z	0	X	x
Y	0	y	Z	Y	X	x	y	Z	0	0	Z	Z	0	Z
0	0	Z	Z	Z	0	0	z	Z	0	0	Z	0	Z	Y
Y	X	x	Z	Y	0	y	z	Z	0	0	Y	X	x	0
Y	0	y	Z	Z	Y	0	y	Z	0	0	Z	Z	0	Z
Y	0	y	Z	Z	Y	0	y	Z	0	0	Z	Z	0	Y
Y	X	x	Z	Z	Y	0	y	Z	0	0	Z	0	Z	Y
0	0	z	Z	Y	0	y	0	Z	0	0	Z	0	0	z
0	0	Z	Z	Y	0	y	z	Z	0	0	Z	0	X	x
0	0	Z	Z	0	0	z	0	Z	0	0	Y	0	y	z
0	Z	Z	Z	0	0	0	z	Z	0	0	Z	Z	0	0
Z	Z	0	Z	0	0	z	z	Z	0	0	Y	0	y	0
0	0	Z	Z	Y	0	y	0	Z	0	0	Y	0	y	0
Y	0	y	Z	Y	0	y	z	0	z	0	Y	0	y	Y
Y	0	y	Z	0	0	z	z	Z	0	0	Z	Z	0	Z
y	Z	Z	Z	Z	0	0	z	Z	0	0	Z	Z	0	0
z	z	Z	Z	0	0	0	0	Z	0	0	Y	0	y	z
0	z	Z	Z	0	0	z	z	Z	0	0	Z	0	Z	Y
Y	0	y	Z	Y	0	y	0	Z	0	0	Z	0	0	z
0	Z	0	Z	0	0	0	z	Z	0	0	Y	X	x	X
Y	X	x	Z	0	0	z	z	Z	0	0	Y	0	y	0
0	Z	Z	Z	Y	0	y	z	Z	0	Z	Y	0	y	z
0	Z	Z	Z	Z	Y	0	y	Z	0	0	Z	0	0	0
X	x	Z	Z	0	0	z	z	Z	0	0	Z	0	Y	X
0	0	Z	Z	Z	0	0	z	0	0	0	Y	X	x	0
Y	X	x	Z	Y	0	y	z	0	0	0	Y	0	y	0
0	0	Z	Z	0	0	0	z	0	z	0	Y	0	y	0
0	0	Z	Z	Y	0	y	z	0	z	0	Z	0	0	Y
0	X	x	Z	Z	0	0	z	0	0	0	Z	Z	0	X
Z	0	Z	Z	Y	X	x	y	Z	Z	0	Y	0	y	Z
Z	0	0	Z	Z	Y	0	y	Z	0	0	Z	Y	0	y
Z	Z	0	Z	Z	0	0	z	Z	0	0	Z	0	0	0
Z	0	Z	Z	0	0	0	z	X	x	0	Z	0	0	z
0	0	Z	Z	0	Y	0	y	Z	0	0	Z	0	0	Y
X	x	y	Z	0	Y	0	y	Z	0	0	Y	0	y	0
0	0	Z	Z	Z	0	0	0	Z	0	0	Z	0	0	0
0	0	Z	Z	Y	0	y	0	Z	0	0	Z	0	0	0
y	0	Z	Z	Y	0	y	z	Z	0	0	Z	Y	X	x
Z	0	Z	Z	Z	Y	0	y	Z	0	0	Y	0	y	0
Z	0	Z	Z	0	0	0	z	X	x	0	Y	0	y	0
0	0	Z	Z	Y	0	y	0	Z	0	0	Z	0	0	0
0	Z	Z	Z	0	0	z	0	Z	0	0	Z	0	0	z
0	0	Z	Z	0	0	0	z	0	0	0	Z	Z	0	0
Y	0	y	Z	Z	Y	0	y	Z	0	0	Y	0	y	0
x	y	0	Z	Y	0	y	z	Z	0	0	Y	0	y	0
Z	0	Z	Z	0	X	x	y	Z	0	0	Y	X	x	0
0	0	z	Z	Z	Y	0	y	Z	0	0	Y	0	y	0
Y	X	x	Z	Y	X	x	y	Z	0	0	Z	0	Z	0
z	0	z	Z	0	0	z	z	Z	0	0	Y	0	y	0
x	X	x	Z	Y	0	y	0	Z	0	0	Z	0	0	z
Y	0	y	Z	0	0	z	z	0	0	0	Y	0	y	0
0	0	z	Z	Z	Y	0	y	Z	0	0	Z	Z	0	X
0	X	x	Z	Z	0	0	z	Z	0	0	Z	0	0	0
Y	X	x	0	Y	0	y	z	Z	0	0	Y	X	x	0
Z	0	Z	Z	Y	0	y	z	0	z	0	Y	0	y	0
Y	0	y	Z	Y	0	y	z	0	z	0	Y	0	y	0
0	Z	Z	Z	0	0	0	z	Z	0	0	Y	0	y	0
Z	0	Z	Z	0	0	0	z	Z	0	0	Z	0	Z	Z
Y	0	y	Z	Z	0	0	z	0	0	0	Z	Z	0	Z
0	Z	0	Z	Y	0	y	0	Z	0	0	Y	0	y	0
Z	0	Z	Z	Z	Y	0	y	Z	0	0	Z	Y	0	y
0	Z	Z	Z	Y	0	y	z	Z	Z	0	Y	0	y	0
0	Z	Z	Z	0	0	z	z	0	0	0	Y	0	y	z
Y	0	y	Z	0	Y	0	y	Z	0	0	Z	0	0	0
0	Z	0	Z	0	Y	0	y	Z	0	0	Y	0	y	0
Y	0	y	Z	Y	0	y	0	Z	0	0	Z	Y	0	y
Y	0	y	Z	Y	X	x	y	0	z	0	Y	0	y	X
0	Z	Z	Z	Y	X	x	y	Z	Z	0	Y	X	x	Y
X	x	Z	Z	0	Y	0	y	0	0	0	Y	0	y	Z
z	z	Z	Z	Z	Y	0	y	Z	0	0	Y	0	y	0
Z	0	0	Z	Y	X	x	y	Z	0	0	Y	0	y	0
0	Z	0	Z	Z	Y	0	y	Z	0	0	Z	Z	0	Z
0	0	Z	Z	Z	0	0	z	0	z	0	Z	0	0	z
0	Z	0	Z	Z	Y	0	y	Z	0	0	Z	Y	0	y
Y	0	y	X	x	0	0	z	Z	0	0	Z	Y	0	y
Z	0	Z	Z	0	0	z	z	Z	Z	0	Z	0	0	z
Y	0	y	Z	Z	Y	0	y	0	z	0	Y	0	y	z
0	0	z	Z	Z	0	0	z	0	0	0	Z	Z	Y	0
0	0	z	Z	Z	0	0	z	0	z	0	Z	0	0	z
0	z	Z	Z	Z	0	0	z	0	0	0	Y	X	x	0
z	0	Z	Z	Z	0	0	z	X	x	0	Z	0	Z	Y
X	x	Z	Z	0	0	0	z	X	x	0	Y	0	y	0
0	z	Z	Z	Z	0	0	z	Z	0	0	Z	Y	0	y
x	Z	0	Z	Z	Y	0	y	Z	0	0	Y	X	x	X
Y	0	y	0	Z	Y	0	y	Z	0	0	Y	0	y	0
Z	0	0	Z	Z	Y	0	y	Z	0	0	Z	Y	0	y
0	Z	0	Z	Y	0	y	0	Z	0	0	Y	0	y	0
0	y	0	Z	0	0	0	z	Z	0	0	Y	0	y	0
Z	Z	0	Z	Y	0	y	z	0	z	0	Y	0	y	Z
z	0	z	Z	0	X	x	y	Z	0	0	Z	0	0	z
0	z	Z	Z	0	0	z	z	z	z	0	Y	0	y	z
Y	X	x	Z	Y	X	x	y	Z	0	0	Z	0	X	x
0	0	z	Z	Z	Y	0	y	Z	Z	0	Z	0	0	z
Z	0	0	Z	0	0	0	z	Z	0	0	Z	Y	0	y
Z	0	Z	Z	Z	Y	0	y	Z	0	0	Z	Z	0	0
Y	0	y	Z	Y	X	x	y	0	0	0	Z	0	0	0
Y	0	y	Z	Y	0	y	z	0	0	0	Z	Z	0	0
0	y	0	Z	Z	0	0	0	Z	0	0	Y	0	y	0
Y	0	y	Z	Z	0	0	z	Z	0	Z	Z	0	Y	0
Y	0	y	Z	0	0	0	z	Z	0	0	Z	0	Z	0
0	Z	Z	Z	0	0	0	z	Z	0	0	Z	Y	0	y
Y	0	y	Z	Z	Y	0	y	Z	0	0	Y	0	y	0
0	0	Z	Z	Z	0	0	z	0	z	0	Z	0	0	0
0	0	Z	Z	Y	0	y	z	0	z	0	Z	0	0	0
0	y	Z	Z	0	X	x	y	0	0	0	Y	0	y	0
0	z	z	Z	0	0	z	z	z	0	0	Z	0	Z	0
0	0	Z	Z	Y	0	y	z	0	z	0	Z	0	0	0
x	X	x	Z	Y	0	y	0	z	0	0	Y	0	y	z
Y	0	y	Z	Y	X	x	y	Z	0	0	Z	Y	X	x
Y	0	y	Z	Y	0	y	0	z	0	0	Z	0	0	z
0	z	Z	Z	0	0	0	z	Z	0	0	Z	Z	Z	0
Y	0	y	X	x	0	0	z	Z	0	0	Z	Z	0	0
Y	0	y	Z	Z	Y	0	y	Z	0	0	Z	Y	X	x
Y	0	y	Z	0	0	0	z	Z	0	Z	Z	0	0	z
X	x	Y	X	x	0	0	z	Z	0	0	Z	Y	0	y
Z	0	Z	Z	Z	Y	0	y	X	x	0	Z	0	0	z
y	Z	Y	X	x	0	0	z	Z	0	0	Y	X	x	Y
0	y	z	Z	0	Y	0	y	Z	0	0	Z	Y	0	y
0	y	z	Z	0	0	z	z	0	z	0	Y	0	y	X
Y	0	y	Z	Z	Y	0	y	Z	0	0	Z	0	Z	0
z	z	Z	Z	0	Y	0	y	Z	0	0	Z	0	0	Y
0	y	Z	Z	0	0	z	0	Z	0	0	Y	0	y	0
0	0	Z	Z	Y	0	y	z	0	0	0	Z	Y	0	y
0	y	Z	Z	0	0	z	z	0	z	0	Y	0	y	z
0	z	Z	Z	0	0	z	z	Z	0	0	Z	Z	0	0
z	0	z	Z	0	0	z	0	Z	0	0	Y	0	y	0
Z	Z	Z	Z	0	0	0	z	Z	Z	0	Z	Z	0	Y
0	y	Z	Z	0	0	z	z	Z	0	0	Y	0	y	0
x	y	Z	Z	Z	0	0	z	Z	0	0	Z	Z	0	0
Z	Z	0	Z	Z	Z	0	0	Z	0	0	Z	0	0	Z
Z	0	Z	0	Z	0	0	z	0	0	0	Z	Z	0	0
y	Z	0	Z	0	Y	0	y	Z	0	0	Y	0	y	0
0	0	0	Z	Z	Y	0	y	X	x	0	Y	0	y	0
0	z	Z	Z	Z	0	0	z	Z	0	0	Z	0	Y	0
Z	0	0	Z	Y	0	y	0	X	x	0	Y	0	y	Y
Y	X	x	Z	Z	Y	0	y	Z	Z	0	Y	X	x	y
0	z	Z	Z	0	0	z	z	z	0	0	Z	0	X	x
0	z	Z	Z	Z	0	0	z	0	z	0	Z	0	0	0
0	0	Z	Z	Z	Y	0	y	z	z	0	Y	0	y	0
0	0	0	Z	Z	0	0	z	Z	0	0	Y	0	y	Z
0	X	x	Z	Z	Y	0	y	Z	0	0	Z	Y	X	x
x	Z	0	Z	Y	X	x	y	Z	0	0	Z	Z	0	X
Y	0	y	0	z	0	0	z	Z	0	0	Y	0	y	0
0	Z	0	Z	Z	Y	0	y	Z	0	0	Z	0	Z	0
0	0	Z	Z	0	0	0	0	0	Z	0	Y	0	y	X
0	y	z	Z	Z	Y	0	y	0	Z	0	Y	0	y	Z
Y	0	y	Z	Y	X	x	y	Z	0	0	Z	Z	0	0
0	z	Z	0	Z	0	0	z	Z	0	0	Y	X	x	0
0	0	z	Z	0	0	0	0	Z	0	0	Y	0	y	0
0	z	Z	Z	0	0	z	z	X	x	0	Z	Y	0	y
Z	0	Z	0	Z	0	0	z	X	x	0	Y	0	y	0
z	z	Z	Z	0	0	0	z	Z	0	0	Z	0	Z	Y
Y	0	y	Z	Y	X	x	y	z	0	0	Y	0	y	0
Y	0	y	Z	0	0	0	z	Z	0	0	Y	X	x	0
z	0	0	Z	Z	Y	0	y	Z	0	0	Z	Y	0	y
0	z	Z	Z	0	0	0	0	Z	0	0	Z	Z	0	Z
x	y	Z	Z	Y	X	x	0	Z	0	0	Z	0	0	Z
z	z	z	Z	Y	0	y	0	X	x	0	Y	0	y	z
Y	0	y	Z	0	Y	0	y	X	x	0	Z	0	0	Y
y	0	Z	0	Y	0	y	z	0	0	0	Z	Y	0	y
